"Long","Dim","Rep","Conteo","Conteo_std"
10,1,"No_Rep_ 100",2,0.2
10,1,"No_Rep_ 100",3,0.3
10,1,"No_Rep_ 100",3,0.3
10,1,"No_Rep_ 100",3,0.3
10,1,"No_Rep_ 100",4,0.4
10,1,"No_Rep_ 100",0,0
10,1,"No_Rep_ 100",1,0.1
10,1,"No_Rep_ 100",4,0.4
10,1,"No_Rep_ 100",2,0.2
10,1,"No_Rep_ 100",1,0.1
10,1,"No_Rep_ 100",1,0.1
10,1,"No_Rep_ 100",0,0
10,1,"No_Rep_ 100",1,0.1
10,1,"No_Rep_ 100",0,0
10,1,"No_Rep_ 100",3,0.3
10,1,"No_Rep_ 100",3,0.3
10,1,"No_Rep_ 100",2,0.2
10,1,"No_Rep_ 100",0,0
10,1,"No_Rep_ 100",3,0.3
10,1,"No_Rep_ 100",1,0.1
10,1,"No_Rep_ 100",1,0.1
10,1,"No_Rep_ 100",0,0
10,1,"No_Rep_ 100",1,0.1
10,1,"No_Rep_ 100",0,0
10,1,"No_Rep_ 100",0,0
10,1,"No_Rep_ 100",0,0
10,1,"No_Rep_ 100",1,0.1
10,1,"No_Rep_ 100",1,0.1
10,1,"No_Rep_ 100",2,0.2
10,1,"No_Rep_ 100",1,0.1
10,1,"No_Rep_ 100",0,0
10,1,"No_Rep_ 100",1,0.1
10,1,"No_Rep_ 100",2,0.2
10,1,"No_Rep_ 100",3,0.3
10,1,"No_Rep_ 100",0,0
10,1,"No_Rep_ 100",3,0.3
10,1,"No_Rep_ 100",0,0
10,1,"No_Rep_ 100",3,0.3
10,1,"No_Rep_ 100",1,0.1
10,1,"No_Rep_ 100",3,0.3
10,1,"No_Rep_ 100",5,0.5
10,1,"No_Rep_ 100",3,0.3
10,1,"No_Rep_ 100",1,0.1
10,1,"No_Rep_ 100",0,0
10,1,"No_Rep_ 100",1,0.1
10,1,"No_Rep_ 100",3,0.3
10,1,"No_Rep_ 100",1,0.1
10,1,"No_Rep_ 100",3,0.3
10,1,"No_Rep_ 100",1,0.1
10,1,"No_Rep_ 100",1,0.1
10,1,"No_Rep_ 100",1,0.1
10,1,"No_Rep_ 100",1,0.1
10,1,"No_Rep_ 100",0,0
10,1,"No_Rep_ 100",1,0.1
10,1,"No_Rep_ 100",1,0.1
10,1,"No_Rep_ 100",0,0
10,1,"No_Rep_ 100",1,0.1
10,1,"No_Rep_ 100",4,0.4
10,1,"No_Rep_ 100",0,0
10,1,"No_Rep_ 100",0,0
10,1,"No_Rep_ 100",1,0.1
10,1,"No_Rep_ 100",4,0.4
10,1,"No_Rep_ 100",4,0.4
10,1,"No_Rep_ 100",4,0.4
10,1,"No_Rep_ 100",3,0.3
10,1,"No_Rep_ 100",4,0.4
10,1,"No_Rep_ 100",0,0
10,1,"No_Rep_ 100",2,0.2
10,1,"No_Rep_ 100",5,0.5
10,1,"No_Rep_ 100",0,0
10,1,"No_Rep_ 100",4,0.4
10,1,"No_Rep_ 100",0,0
10,1,"No_Rep_ 100",1,0.1
10,1,"No_Rep_ 100",1,0.1
10,1,"No_Rep_ 100",2,0.2
10,1,"No_Rep_ 100",2,0.2
10,1,"No_Rep_ 100",4,0.4
10,1,"No_Rep_ 100",1,0.1
10,1,"No_Rep_ 100",0,0
10,1,"No_Rep_ 100",3,0.3
10,1,"No_Rep_ 100",1,0.1
10,1,"No_Rep_ 100",0,0
10,1,"No_Rep_ 100",1,0.1
10,1,"No_Rep_ 100",0,0
10,1,"No_Rep_ 100",0,0
10,1,"No_Rep_ 100",1,0.1
10,1,"No_Rep_ 100",3,0.3
10,1,"No_Rep_ 100",1,0.1
10,1,"No_Rep_ 100",2,0.2
10,1,"No_Rep_ 100",2,0.2
10,1,"No_Rep_ 100",2,0.2
10,1,"No_Rep_ 100",3,0.3
10,1,"No_Rep_ 100",4,0.4
10,1,"No_Rep_ 100",1,0.1
10,1,"No_Rep_ 100",2,0.2
10,1,"No_Rep_ 100",4,0.4
10,1,"No_Rep_ 100",1,0.1
10,1,"No_Rep_ 100",1,0.1
10,1,"No_Rep_ 100",3,0.3
10,1,"No_Rep_ 100",2,0.2
10,2,"No_Rep_ 100",1,0.1
10,2,"No_Rep_ 100",0,0
10,2,"No_Rep_ 100",1,0.1
10,2,"No_Rep_ 100",0,0
10,2,"No_Rep_ 100",0,0
10,2,"No_Rep_ 100",0,0
10,2,"No_Rep_ 100",2,0.2
10,2,"No_Rep_ 100",1,0.1
10,2,"No_Rep_ 100",3,0.3
10,2,"No_Rep_ 100",1,0.1
10,2,"No_Rep_ 100",0,0
10,2,"No_Rep_ 100",0,0
10,2,"No_Rep_ 100",0,0
10,2,"No_Rep_ 100",0,0
10,2,"No_Rep_ 100",1,0.1
10,2,"No_Rep_ 100",0,0
10,2,"No_Rep_ 100",2,0.2
10,2,"No_Rep_ 100",0,0
10,2,"No_Rep_ 100",0,0
10,2,"No_Rep_ 100",1,0.1
10,2,"No_Rep_ 100",0,0
10,2,"No_Rep_ 100",0,0
10,2,"No_Rep_ 100",1,0.1
10,2,"No_Rep_ 100",0,0
10,2,"No_Rep_ 100",0,0
10,2,"No_Rep_ 100",0,0
10,2,"No_Rep_ 100",3,0.3
10,2,"No_Rep_ 100",2,0.2
10,2,"No_Rep_ 100",1,0.1
10,2,"No_Rep_ 100",0,0
10,2,"No_Rep_ 100",2,0.2
10,2,"No_Rep_ 100",1,0.1
10,2,"No_Rep_ 100",0,0
10,2,"No_Rep_ 100",0,0
10,2,"No_Rep_ 100",0,0
10,2,"No_Rep_ 100",0,0
10,2,"No_Rep_ 100",1,0.1
10,2,"No_Rep_ 100",0,0
10,2,"No_Rep_ 100",0,0
10,2,"No_Rep_ 100",2,0.2
10,2,"No_Rep_ 100",1,0.1
10,2,"No_Rep_ 100",1,0.1
10,2,"No_Rep_ 100",0,0
10,2,"No_Rep_ 100",0,0
10,2,"No_Rep_ 100",0,0
10,2,"No_Rep_ 100",0,0
10,2,"No_Rep_ 100",0,0
10,2,"No_Rep_ 100",1,0.1
10,2,"No_Rep_ 100",0,0
10,2,"No_Rep_ 100",1,0.1
10,2,"No_Rep_ 100",2,0.2
10,2,"No_Rep_ 100",0,0
10,2,"No_Rep_ 100",1,0.1
10,2,"No_Rep_ 100",1,0.1
10,2,"No_Rep_ 100",1,0.1
10,2,"No_Rep_ 100",0,0
10,2,"No_Rep_ 100",3,0.3
10,2,"No_Rep_ 100",0,0
10,2,"No_Rep_ 100",3,0.3
10,2,"No_Rep_ 100",0,0
10,2,"No_Rep_ 100",0,0
10,2,"No_Rep_ 100",0,0
10,2,"No_Rep_ 100",1,0.1
10,2,"No_Rep_ 100",0,0
10,2,"No_Rep_ 100",0,0
10,2,"No_Rep_ 100",0,0
10,2,"No_Rep_ 100",0,0
10,2,"No_Rep_ 100",1,0.1
10,2,"No_Rep_ 100",0,0
10,2,"No_Rep_ 100",1,0.1
10,2,"No_Rep_ 100",1,0.1
10,2,"No_Rep_ 100",1,0.1
10,2,"No_Rep_ 100",0,0
10,2,"No_Rep_ 100",0,0
10,2,"No_Rep_ 100",0,0
10,2,"No_Rep_ 100",0,0
10,2,"No_Rep_ 100",2,0.2
10,2,"No_Rep_ 100",1,0.1
10,2,"No_Rep_ 100",0,0
10,2,"No_Rep_ 100",0,0
10,2,"No_Rep_ 100",1,0.1
10,2,"No_Rep_ 100",2,0.2
10,2,"No_Rep_ 100",0,0
10,2,"No_Rep_ 100",3,0.3
10,2,"No_Rep_ 100",0,0
10,2,"No_Rep_ 100",0,0
10,2,"No_Rep_ 100",1,0.1
10,2,"No_Rep_ 100",0,0
10,2,"No_Rep_ 100",2,0.2
10,2,"No_Rep_ 100",1,0.1
10,2,"No_Rep_ 100",4,0.4
10,2,"No_Rep_ 100",1,0.1
10,2,"No_Rep_ 100",0,0
10,2,"No_Rep_ 100",0,0
10,2,"No_Rep_ 100",0,0
10,2,"No_Rep_ 100",0,0
10,2,"No_Rep_ 100",0,0
10,2,"No_Rep_ 100",2,0.2
10,2,"No_Rep_ 100",0,0
10,2,"No_Rep_ 100",1,0.1
10,3,"No_Rep_ 100",0,0
10,3,"No_Rep_ 100",0,0
10,3,"No_Rep_ 100",0,0
10,3,"No_Rep_ 100",0,0
10,3,"No_Rep_ 100",1,0.1
10,3,"No_Rep_ 100",0,0
10,3,"No_Rep_ 100",1,0.1
10,3,"No_Rep_ 100",0,0
10,3,"No_Rep_ 100",0,0
10,3,"No_Rep_ 100",0,0
10,3,"No_Rep_ 100",0,0
10,3,"No_Rep_ 100",0,0
10,3,"No_Rep_ 100",0,0
10,3,"No_Rep_ 100",0,0
10,3,"No_Rep_ 100",1,0.1
10,3,"No_Rep_ 100",1,0.1
10,3,"No_Rep_ 100",0,0
10,3,"No_Rep_ 100",0,0
10,3,"No_Rep_ 100",0,0
10,3,"No_Rep_ 100",0,0
10,3,"No_Rep_ 100",0,0
10,3,"No_Rep_ 100",0,0
10,3,"No_Rep_ 100",0,0
10,3,"No_Rep_ 100",0,0
10,3,"No_Rep_ 100",1,0.1
10,3,"No_Rep_ 100",1,0.1
10,3,"No_Rep_ 100",0,0
10,3,"No_Rep_ 100",1,0.1
10,3,"No_Rep_ 100",1,0.1
10,3,"No_Rep_ 100",0,0
10,3,"No_Rep_ 100",0,0
10,3,"No_Rep_ 100",0,0
10,3,"No_Rep_ 100",0,0
10,3,"No_Rep_ 100",0,0
10,3,"No_Rep_ 100",0,0
10,3,"No_Rep_ 100",0,0
10,3,"No_Rep_ 100",0,0
10,3,"No_Rep_ 100",1,0.1
10,3,"No_Rep_ 100",0,0
10,3,"No_Rep_ 100",0,0
10,3,"No_Rep_ 100",0,0
10,3,"No_Rep_ 100",2,0.2
10,3,"No_Rep_ 100",1,0.1
10,3,"No_Rep_ 100",0,0
10,3,"No_Rep_ 100",0,0
10,3,"No_Rep_ 100",0,0
10,3,"No_Rep_ 100",1,0.1
10,3,"No_Rep_ 100",1,0.1
10,3,"No_Rep_ 100",1,0.1
10,3,"No_Rep_ 100",0,0
10,3,"No_Rep_ 100",0,0
10,3,"No_Rep_ 100",1,0.1
10,3,"No_Rep_ 100",0,0
10,3,"No_Rep_ 100",0,0
10,3,"No_Rep_ 100",0,0
10,3,"No_Rep_ 100",1,0.1
10,3,"No_Rep_ 100",0,0
10,3,"No_Rep_ 100",0,0
10,3,"No_Rep_ 100",0,0
10,3,"No_Rep_ 100",1,0.1
10,3,"No_Rep_ 100",1,0.1
10,3,"No_Rep_ 100",0,0
10,3,"No_Rep_ 100",1,0.1
10,3,"No_Rep_ 100",0,0
10,3,"No_Rep_ 100",0,0
10,3,"No_Rep_ 100",0,0
10,3,"No_Rep_ 100",0,0
10,3,"No_Rep_ 100",0,0
10,3,"No_Rep_ 100",1,0.1
10,3,"No_Rep_ 100",0,0
10,3,"No_Rep_ 100",0,0
10,3,"No_Rep_ 100",0,0
10,3,"No_Rep_ 100",0,0
10,3,"No_Rep_ 100",2,0.2
10,3,"No_Rep_ 100",0,0
10,3,"No_Rep_ 100",1,0.1
10,3,"No_Rep_ 100",0,0
10,3,"No_Rep_ 100",0,0
10,3,"No_Rep_ 100",0,0
10,3,"No_Rep_ 100",0,0
10,3,"No_Rep_ 100",1,0.1
10,3,"No_Rep_ 100",1,0.1
10,3,"No_Rep_ 100",0,0
10,3,"No_Rep_ 100",0,0
10,3,"No_Rep_ 100",0,0
10,3,"No_Rep_ 100",0,0
10,3,"No_Rep_ 100",0,0
10,3,"No_Rep_ 100",0,0
10,3,"No_Rep_ 100",0,0
10,3,"No_Rep_ 100",0,0
10,3,"No_Rep_ 100",0,0
10,3,"No_Rep_ 100",2,0.2
10,3,"No_Rep_ 100",0,0
10,3,"No_Rep_ 100",0,0
10,3,"No_Rep_ 100",0,0
10,3,"No_Rep_ 100",2,0.2
10,3,"No_Rep_ 100",1,0.1
10,3,"No_Rep_ 100",0,0
10,3,"No_Rep_ 100",0,0
10,3,"No_Rep_ 100",0,0
10,4,"No_Rep_ 100",0,0
10,4,"No_Rep_ 100",2,0.2
10,4,"No_Rep_ 100",1,0.1
10,4,"No_Rep_ 100",0,0
10,4,"No_Rep_ 100",0,0
10,4,"No_Rep_ 100",0,0
10,4,"No_Rep_ 100",0,0
10,4,"No_Rep_ 100",0,0
10,4,"No_Rep_ 100",0,0
10,4,"No_Rep_ 100",0,0
10,4,"No_Rep_ 100",0,0
10,4,"No_Rep_ 100",0,0
10,4,"No_Rep_ 100",0,0
10,4,"No_Rep_ 100",0,0
10,4,"No_Rep_ 100",0,0
10,4,"No_Rep_ 100",0,0
10,4,"No_Rep_ 100",0,0
10,4,"No_Rep_ 100",0,0
10,4,"No_Rep_ 100",0,0
10,4,"No_Rep_ 100",0,0
10,4,"No_Rep_ 100",0,0
10,4,"No_Rep_ 100",0,0
10,4,"No_Rep_ 100",0,0
10,4,"No_Rep_ 100",0,0
10,4,"No_Rep_ 100",0,0
10,4,"No_Rep_ 100",0,0
10,4,"No_Rep_ 100",1,0.1
10,4,"No_Rep_ 100",0,0
10,4,"No_Rep_ 100",0,0
10,4,"No_Rep_ 100",1,0.1
10,4,"No_Rep_ 100",1,0.1
10,4,"No_Rep_ 100",0,0
10,4,"No_Rep_ 100",0,0
10,4,"No_Rep_ 100",0,0
10,4,"No_Rep_ 100",1,0.1
10,4,"No_Rep_ 100",0,0
10,4,"No_Rep_ 100",0,0
10,4,"No_Rep_ 100",0,0
10,4,"No_Rep_ 100",1,0.1
10,4,"No_Rep_ 100",0,0
10,4,"No_Rep_ 100",0,0
10,4,"No_Rep_ 100",0,0
10,4,"No_Rep_ 100",0,0
10,4,"No_Rep_ 100",0,0
10,4,"No_Rep_ 100",0,0
10,4,"No_Rep_ 100",0,0
10,4,"No_Rep_ 100",0,0
10,4,"No_Rep_ 100",0,0
10,4,"No_Rep_ 100",0,0
10,4,"No_Rep_ 100",0,0
10,4,"No_Rep_ 100",1,0.1
10,4,"No_Rep_ 100",0,0
10,4,"No_Rep_ 100",0,0
10,4,"No_Rep_ 100",0,0
10,4,"No_Rep_ 100",0,0
10,4,"No_Rep_ 100",0,0
10,4,"No_Rep_ 100",0,0
10,4,"No_Rep_ 100",0,0
10,4,"No_Rep_ 100",0,0
10,4,"No_Rep_ 100",0,0
10,4,"No_Rep_ 100",1,0.1
10,4,"No_Rep_ 100",0,0
10,4,"No_Rep_ 100",0,0
10,4,"No_Rep_ 100",0,0
10,4,"No_Rep_ 100",0,0
10,4,"No_Rep_ 100",0,0
10,4,"No_Rep_ 100",0,0
10,4,"No_Rep_ 100",1,0.1
10,4,"No_Rep_ 100",1,0.1
10,4,"No_Rep_ 100",1,0.1
10,4,"No_Rep_ 100",1,0.1
10,4,"No_Rep_ 100",0,0
10,4,"No_Rep_ 100",0,0
10,4,"No_Rep_ 100",0,0
10,4,"No_Rep_ 100",0,0
10,4,"No_Rep_ 100",0,0
10,4,"No_Rep_ 100",1,0.1
10,4,"No_Rep_ 100",0,0
10,4,"No_Rep_ 100",0,0
10,4,"No_Rep_ 100",0,0
10,4,"No_Rep_ 100",0,0
10,4,"No_Rep_ 100",0,0
10,4,"No_Rep_ 100",0,0
10,4,"No_Rep_ 100",0,0
10,4,"No_Rep_ 100",0,0
10,4,"No_Rep_ 100",0,0
10,4,"No_Rep_ 100",0,0
10,4,"No_Rep_ 100",2,0.2
10,4,"No_Rep_ 100",0,0
10,4,"No_Rep_ 100",1,0.1
10,4,"No_Rep_ 100",0,0
10,4,"No_Rep_ 100",0,0
10,4,"No_Rep_ 100",1,0.1
10,4,"No_Rep_ 100",0,0
10,4,"No_Rep_ 100",0,0
10,4,"No_Rep_ 100",0,0
10,4,"No_Rep_ 100",0,0
10,4,"No_Rep_ 100",0,0
10,4,"No_Rep_ 100",0,0
10,4,"No_Rep_ 100",0,0
10,5,"No_Rep_ 100",0,0
10,5,"No_Rep_ 100",1,0.1
10,5,"No_Rep_ 100",0,0
10,5,"No_Rep_ 100",0,0
10,5,"No_Rep_ 100",0,0
10,5,"No_Rep_ 100",0,0
10,5,"No_Rep_ 100",0,0
10,5,"No_Rep_ 100",0,0
10,5,"No_Rep_ 100",0,0
10,5,"No_Rep_ 100",0,0
10,5,"No_Rep_ 100",0,0
10,5,"No_Rep_ 100",0,0
10,5,"No_Rep_ 100",0,0
10,5,"No_Rep_ 100",0,0
10,5,"No_Rep_ 100",0,0
10,5,"No_Rep_ 100",0,0
10,5,"No_Rep_ 100",1,0.1
10,5,"No_Rep_ 100",0,0
10,5,"No_Rep_ 100",0,0
10,5,"No_Rep_ 100",0,0
10,5,"No_Rep_ 100",0,0
10,5,"No_Rep_ 100",0,0
10,5,"No_Rep_ 100",0,0
10,5,"No_Rep_ 100",0,0
10,5,"No_Rep_ 100",1,0.1
10,5,"No_Rep_ 100",1,0.1
10,5,"No_Rep_ 100",0,0
10,5,"No_Rep_ 100",0,0
10,5,"No_Rep_ 100",0,0
10,5,"No_Rep_ 100",1,0.1
10,5,"No_Rep_ 100",0,0
10,5,"No_Rep_ 100",0,0
10,5,"No_Rep_ 100",0,0
10,5,"No_Rep_ 100",0,0
10,5,"No_Rep_ 100",0,0
10,5,"No_Rep_ 100",0,0
10,5,"No_Rep_ 100",0,0
10,5,"No_Rep_ 100",0,0
10,5,"No_Rep_ 100",0,0
10,5,"No_Rep_ 100",0,0
10,5,"No_Rep_ 100",0,0
10,5,"No_Rep_ 100",1,0.1
10,5,"No_Rep_ 100",0,0
10,5,"No_Rep_ 100",0,0
10,5,"No_Rep_ 100",0,0
10,5,"No_Rep_ 100",0,0
10,5,"No_Rep_ 100",0,0
10,5,"No_Rep_ 100",0,0
10,5,"No_Rep_ 100",0,0
10,5,"No_Rep_ 100",0,0
10,5,"No_Rep_ 100",0,0
10,5,"No_Rep_ 100",0,0
10,5,"No_Rep_ 100",0,0
10,5,"No_Rep_ 100",0,0
10,5,"No_Rep_ 100",0,0
10,5,"No_Rep_ 100",1,0.1
10,5,"No_Rep_ 100",0,0
10,5,"No_Rep_ 100",0,0
10,5,"No_Rep_ 100",0,0
10,5,"No_Rep_ 100",0,0
10,5,"No_Rep_ 100",0,0
10,5,"No_Rep_ 100",0,0
10,5,"No_Rep_ 100",1,0.1
10,5,"No_Rep_ 100",0,0
10,5,"No_Rep_ 100",0,0
10,5,"No_Rep_ 100",0,0
10,5,"No_Rep_ 100",0,0
10,5,"No_Rep_ 100",0,0
10,5,"No_Rep_ 100",1,0.1
10,5,"No_Rep_ 100",0,0
10,5,"No_Rep_ 100",0,0
10,5,"No_Rep_ 100",0,0
10,5,"No_Rep_ 100",0,0
10,5,"No_Rep_ 100",0,0
10,5,"No_Rep_ 100",0,0
10,5,"No_Rep_ 100",0,0
10,5,"No_Rep_ 100",0,0
10,5,"No_Rep_ 100",0,0
10,5,"No_Rep_ 100",0,0
10,5,"No_Rep_ 100",0,0
10,5,"No_Rep_ 100",0,0
10,5,"No_Rep_ 100",0,0
10,5,"No_Rep_ 100",0,0
10,5,"No_Rep_ 100",1,0.1
10,5,"No_Rep_ 100",1,0.1
10,5,"No_Rep_ 100",0,0
10,5,"No_Rep_ 100",0,0
10,5,"No_Rep_ 100",0,0
10,5,"No_Rep_ 100",0,0
10,5,"No_Rep_ 100",0,0
10,5,"No_Rep_ 100",0,0
10,5,"No_Rep_ 100",0,0
10,5,"No_Rep_ 100",0,0
10,5,"No_Rep_ 100",1,0.1
10,5,"No_Rep_ 100",0,0
10,5,"No_Rep_ 100",0,0
10,5,"No_Rep_ 100",0,0
10,5,"No_Rep_ 100",1,0.1
10,5,"No_Rep_ 100",0,0
10,5,"No_Rep_ 100",0,0
10,6,"No_Rep_ 100",0,0
10,6,"No_Rep_ 100",0,0
10,6,"No_Rep_ 100",0,0
10,6,"No_Rep_ 100",0,0
10,6,"No_Rep_ 100",0,0
10,6,"No_Rep_ 100",0,0
10,6,"No_Rep_ 100",0,0
10,6,"No_Rep_ 100",0,0
10,6,"No_Rep_ 100",0,0
10,6,"No_Rep_ 100",1,0.1
10,6,"No_Rep_ 100",0,0
10,6,"No_Rep_ 100",0,0
10,6,"No_Rep_ 100",1,0.1
10,6,"No_Rep_ 100",0,0
10,6,"No_Rep_ 100",0,0
10,6,"No_Rep_ 100",0,0
10,6,"No_Rep_ 100",0,0
10,6,"No_Rep_ 100",0,0
10,6,"No_Rep_ 100",0,0
10,6,"No_Rep_ 100",0,0
10,6,"No_Rep_ 100",0,0
10,6,"No_Rep_ 100",0,0
10,6,"No_Rep_ 100",0,0
10,6,"No_Rep_ 100",0,0
10,6,"No_Rep_ 100",0,0
10,6,"No_Rep_ 100",0,0
10,6,"No_Rep_ 100",1,0.1
10,6,"No_Rep_ 100",0,0
10,6,"No_Rep_ 100",0,0
10,6,"No_Rep_ 100",1,0.1
10,6,"No_Rep_ 100",0,0
10,6,"No_Rep_ 100",0,0
10,6,"No_Rep_ 100",2,0.2
10,6,"No_Rep_ 100",0,0
10,6,"No_Rep_ 100",0,0
10,6,"No_Rep_ 100",0,0
10,6,"No_Rep_ 100",0,0
10,6,"No_Rep_ 100",1,0.1
10,6,"No_Rep_ 100",0,0
10,6,"No_Rep_ 100",0,0
10,6,"No_Rep_ 100",0,0
10,6,"No_Rep_ 100",0,0
10,6,"No_Rep_ 100",0,0
10,6,"No_Rep_ 100",0,0
10,6,"No_Rep_ 100",1,0.1
10,6,"No_Rep_ 100",0,0
10,6,"No_Rep_ 100",0,0
10,6,"No_Rep_ 100",0,0
10,6,"No_Rep_ 100",0,0
10,6,"No_Rep_ 100",1,0.1
10,6,"No_Rep_ 100",0,0
10,6,"No_Rep_ 100",0,0
10,6,"No_Rep_ 100",0,0
10,6,"No_Rep_ 100",0,0
10,6,"No_Rep_ 100",0,0
10,6,"No_Rep_ 100",0,0
10,6,"No_Rep_ 100",0,0
10,6,"No_Rep_ 100",0,0
10,6,"No_Rep_ 100",0,0
10,6,"No_Rep_ 100",0,0
10,6,"No_Rep_ 100",0,0
10,6,"No_Rep_ 100",0,0
10,6,"No_Rep_ 100",0,0
10,6,"No_Rep_ 100",0,0
10,6,"No_Rep_ 100",0,0
10,6,"No_Rep_ 100",0,0
10,6,"No_Rep_ 100",3,0.3
10,6,"No_Rep_ 100",0,0
10,6,"No_Rep_ 100",0,0
10,6,"No_Rep_ 100",0,0
10,6,"No_Rep_ 100",0,0
10,6,"No_Rep_ 100",0,0
10,6,"No_Rep_ 100",0,0
10,6,"No_Rep_ 100",0,0
10,6,"No_Rep_ 100",0,0
10,6,"No_Rep_ 100",0,0
10,6,"No_Rep_ 100",0,0
10,6,"No_Rep_ 100",0,0
10,6,"No_Rep_ 100",0,0
10,6,"No_Rep_ 100",0,0
10,6,"No_Rep_ 100",0,0
10,6,"No_Rep_ 100",0,0
10,6,"No_Rep_ 100",1,0.1
10,6,"No_Rep_ 100",0,0
10,6,"No_Rep_ 100",1,0.1
10,6,"No_Rep_ 100",0,0
10,6,"No_Rep_ 100",0,0
10,6,"No_Rep_ 100",0,0
10,6,"No_Rep_ 100",0,0
10,6,"No_Rep_ 100",0,0
10,6,"No_Rep_ 100",0,0
10,6,"No_Rep_ 100",1,0.1
10,6,"No_Rep_ 100",0,0
10,6,"No_Rep_ 100",0,0
10,6,"No_Rep_ 100",0,0
10,6,"No_Rep_ 100",0,0
10,6,"No_Rep_ 100",0,0
10,6,"No_Rep_ 100",0,0
10,6,"No_Rep_ 100",0,0
10,6,"No_Rep_ 100",0,0
10,7,"No_Rep_ 100",0,0
10,7,"No_Rep_ 100",0,0
10,7,"No_Rep_ 100",0,0
10,7,"No_Rep_ 100",0,0
10,7,"No_Rep_ 100",0,0
10,7,"No_Rep_ 100",0,0
10,7,"No_Rep_ 100",0,0
10,7,"No_Rep_ 100",0,0
10,7,"No_Rep_ 100",0,0
10,7,"No_Rep_ 100",0,0
10,7,"No_Rep_ 100",0,0
10,7,"No_Rep_ 100",0,0
10,7,"No_Rep_ 100",0,0
10,7,"No_Rep_ 100",0,0
10,7,"No_Rep_ 100",0,0
10,7,"No_Rep_ 100",0,0
10,7,"No_Rep_ 100",0,0
10,7,"No_Rep_ 100",0,0
10,7,"No_Rep_ 100",0,0
10,7,"No_Rep_ 100",0,0
10,7,"No_Rep_ 100",0,0
10,7,"No_Rep_ 100",0,0
10,7,"No_Rep_ 100",0,0
10,7,"No_Rep_ 100",0,0
10,7,"No_Rep_ 100",0,0
10,7,"No_Rep_ 100",0,0
10,7,"No_Rep_ 100",0,0
10,7,"No_Rep_ 100",0,0
10,7,"No_Rep_ 100",0,0
10,7,"No_Rep_ 100",1,0.1
10,7,"No_Rep_ 100",0,0
10,7,"No_Rep_ 100",0,0
10,7,"No_Rep_ 100",1,0.1
10,7,"No_Rep_ 100",0,0
10,7,"No_Rep_ 100",0,0
10,7,"No_Rep_ 100",0,0
10,7,"No_Rep_ 100",0,0
10,7,"No_Rep_ 100",0,0
10,7,"No_Rep_ 100",0,0
10,7,"No_Rep_ 100",0,0
10,7,"No_Rep_ 100",1,0.1
10,7,"No_Rep_ 100",1,0.1
10,7,"No_Rep_ 100",0,0
10,7,"No_Rep_ 100",0,0
10,7,"No_Rep_ 100",0,0
10,7,"No_Rep_ 100",0,0
10,7,"No_Rep_ 100",0,0
10,7,"No_Rep_ 100",0,0
10,7,"No_Rep_ 100",1,0.1
10,7,"No_Rep_ 100",0,0
10,7,"No_Rep_ 100",0,0
10,7,"No_Rep_ 100",0,0
10,7,"No_Rep_ 100",0,0
10,7,"No_Rep_ 100",0,0
10,7,"No_Rep_ 100",0,0
10,7,"No_Rep_ 100",0,0
10,7,"No_Rep_ 100",0,0
10,7,"No_Rep_ 100",0,0
10,7,"No_Rep_ 100",0,0
10,7,"No_Rep_ 100",0,0
10,7,"No_Rep_ 100",0,0
10,7,"No_Rep_ 100",0,0
10,7,"No_Rep_ 100",0,0
10,7,"No_Rep_ 100",0,0
10,7,"No_Rep_ 100",0,0
10,7,"No_Rep_ 100",0,0
10,7,"No_Rep_ 100",0,0
10,7,"No_Rep_ 100",0,0
10,7,"No_Rep_ 100",0,0
10,7,"No_Rep_ 100",0,0
10,7,"No_Rep_ 100",0,0
10,7,"No_Rep_ 100",0,0
10,7,"No_Rep_ 100",0,0
10,7,"No_Rep_ 100",0,0
10,7,"No_Rep_ 100",0,0
10,7,"No_Rep_ 100",0,0
10,7,"No_Rep_ 100",0,0
10,7,"No_Rep_ 100",0,0
10,7,"No_Rep_ 100",0,0
10,7,"No_Rep_ 100",0,0
10,7,"No_Rep_ 100",1,0.1
10,7,"No_Rep_ 100",0,0
10,7,"No_Rep_ 100",0,0
10,7,"No_Rep_ 100",0,0
10,7,"No_Rep_ 100",0,0
10,7,"No_Rep_ 100",0,0
10,7,"No_Rep_ 100",0,0
10,7,"No_Rep_ 100",0,0
10,7,"No_Rep_ 100",0,0
10,7,"No_Rep_ 100",0,0
10,7,"No_Rep_ 100",0,0
10,7,"No_Rep_ 100",0,0
10,7,"No_Rep_ 100",0,0
10,7,"No_Rep_ 100",0,0
10,7,"No_Rep_ 100",0,0
10,7,"No_Rep_ 100",0,0
10,7,"No_Rep_ 100",0,0
10,7,"No_Rep_ 100",0,0
10,7,"No_Rep_ 100",0,0
10,7,"No_Rep_ 100",0,0
10,8,"No_Rep_ 100",0,0
10,8,"No_Rep_ 100",0,0
10,8,"No_Rep_ 100",0,0
10,8,"No_Rep_ 100",0,0
10,8,"No_Rep_ 100",0,0
10,8,"No_Rep_ 100",0,0
10,8,"No_Rep_ 100",0,0
10,8,"No_Rep_ 100",0,0
10,8,"No_Rep_ 100",0,0
10,8,"No_Rep_ 100",1,0.1
10,8,"No_Rep_ 100",0,0
10,8,"No_Rep_ 100",0,0
10,8,"No_Rep_ 100",0,0
10,8,"No_Rep_ 100",0,0
10,8,"No_Rep_ 100",0,0
10,8,"No_Rep_ 100",0,0
10,8,"No_Rep_ 100",2,0.2
10,8,"No_Rep_ 100",1,0.1
10,8,"No_Rep_ 100",0,0
10,8,"No_Rep_ 100",0,0
10,8,"No_Rep_ 100",0,0
10,8,"No_Rep_ 100",0,0
10,8,"No_Rep_ 100",0,0
10,8,"No_Rep_ 100",0,0
10,8,"No_Rep_ 100",0,0
10,8,"No_Rep_ 100",0,0
10,8,"No_Rep_ 100",0,0
10,8,"No_Rep_ 100",0,0
10,8,"No_Rep_ 100",0,0
10,8,"No_Rep_ 100",0,0
10,8,"No_Rep_ 100",0,0
10,8,"No_Rep_ 100",0,0
10,8,"No_Rep_ 100",0,0
10,8,"No_Rep_ 100",0,0
10,8,"No_Rep_ 100",1,0.1
10,8,"No_Rep_ 100",0,0
10,8,"No_Rep_ 100",0,0
10,8,"No_Rep_ 100",0,0
10,8,"No_Rep_ 100",0,0
10,8,"No_Rep_ 100",0,0
10,8,"No_Rep_ 100",0,0
10,8,"No_Rep_ 100",0,0
10,8,"No_Rep_ 100",0,0
10,8,"No_Rep_ 100",0,0
10,8,"No_Rep_ 100",0,0
10,8,"No_Rep_ 100",0,0
10,8,"No_Rep_ 100",0,0
10,8,"No_Rep_ 100",0,0
10,8,"No_Rep_ 100",0,0
10,8,"No_Rep_ 100",0,0
10,8,"No_Rep_ 100",0,0
10,8,"No_Rep_ 100",0,0
10,8,"No_Rep_ 100",0,0
10,8,"No_Rep_ 100",0,0
10,8,"No_Rep_ 100",1,0.1
10,8,"No_Rep_ 100",0,0
10,8,"No_Rep_ 100",1,0.1
10,8,"No_Rep_ 100",0,0
10,8,"No_Rep_ 100",0,0
10,8,"No_Rep_ 100",0,0
10,8,"No_Rep_ 100",0,0
10,8,"No_Rep_ 100",1,0.1
10,8,"No_Rep_ 100",0,0
10,8,"No_Rep_ 100",0,0
10,8,"No_Rep_ 100",0,0
10,8,"No_Rep_ 100",0,0
10,8,"No_Rep_ 100",0,0
10,8,"No_Rep_ 100",0,0
10,8,"No_Rep_ 100",0,0
10,8,"No_Rep_ 100",0,0
10,8,"No_Rep_ 100",0,0
10,8,"No_Rep_ 100",0,0
10,8,"No_Rep_ 100",0,0
10,8,"No_Rep_ 100",0,0
10,8,"No_Rep_ 100",0,0
10,8,"No_Rep_ 100",0,0
10,8,"No_Rep_ 100",0,0
10,8,"No_Rep_ 100",0,0
10,8,"No_Rep_ 100",0,0
10,8,"No_Rep_ 100",1,0.1
10,8,"No_Rep_ 100",1,0.1
10,8,"No_Rep_ 100",0,0
10,8,"No_Rep_ 100",1,0.1
10,8,"No_Rep_ 100",0,0
10,8,"No_Rep_ 100",0,0
10,8,"No_Rep_ 100",0,0
10,8,"No_Rep_ 100",0,0
10,8,"No_Rep_ 100",0,0
10,8,"No_Rep_ 100",0,0
10,8,"No_Rep_ 100",0,0
10,8,"No_Rep_ 100",0,0
10,8,"No_Rep_ 100",0,0
10,8,"No_Rep_ 100",0,0
10,8,"No_Rep_ 100",0,0
10,8,"No_Rep_ 100",0,0
10,8,"No_Rep_ 100",0,0
10,8,"No_Rep_ 100",0,0
10,8,"No_Rep_ 100",0,0
10,8,"No_Rep_ 100",0,0
10,8,"No_Rep_ 100",0,0
25,1,"No_Rep_ 100",2,0.08
25,1,"No_Rep_ 100",8,0.32
25,1,"No_Rep_ 100",1,0.04
25,1,"No_Rep_ 100",0,0
25,1,"No_Rep_ 100",0,0
25,1,"No_Rep_ 100",7,0.28
25,1,"No_Rep_ 100",1,0.04
25,1,"No_Rep_ 100",4,0.16
25,1,"No_Rep_ 100",3,0.12
25,1,"No_Rep_ 100",3,0.12
25,1,"No_Rep_ 100",2,0.08
25,1,"No_Rep_ 100",3,0.12
25,1,"No_Rep_ 100",0,0
25,1,"No_Rep_ 100",3,0.12
25,1,"No_Rep_ 100",2,0.08
25,1,"No_Rep_ 100",5,0.2
25,1,"No_Rep_ 100",9,0.36
25,1,"No_Rep_ 100",3,0.12
25,1,"No_Rep_ 100",9,0.36
25,1,"No_Rep_ 100",1,0.04
25,1,"No_Rep_ 100",2,0.08
25,1,"No_Rep_ 100",7,0.28
25,1,"No_Rep_ 100",2,0.08
25,1,"No_Rep_ 100",4,0.16
25,1,"No_Rep_ 100",1,0.04
25,1,"No_Rep_ 100",8,0.32
25,1,"No_Rep_ 100",2,0.08
25,1,"No_Rep_ 100",0,0
25,1,"No_Rep_ 100",2,0.08
25,1,"No_Rep_ 100",4,0.16
25,1,"No_Rep_ 100",5,0.2
25,1,"No_Rep_ 100",2,0.08
25,1,"No_Rep_ 100",3,0.12
25,1,"No_Rep_ 100",1,0.04
25,1,"No_Rep_ 100",0,0
25,1,"No_Rep_ 100",0,0
25,1,"No_Rep_ 100",5,0.2
25,1,"No_Rep_ 100",7,0.28
25,1,"No_Rep_ 100",0,0
25,1,"No_Rep_ 100",2,0.08
25,1,"No_Rep_ 100",0,0
25,1,"No_Rep_ 100",0,0
25,1,"No_Rep_ 100",6,0.24
25,1,"No_Rep_ 100",8,0.32
25,1,"No_Rep_ 100",7,0.28
25,1,"No_Rep_ 100",2,0.08
25,1,"No_Rep_ 100",2,0.08
25,1,"No_Rep_ 100",1,0.04
25,1,"No_Rep_ 100",5,0.2
25,1,"No_Rep_ 100",4,0.16
25,1,"No_Rep_ 100",4,0.16
25,1,"No_Rep_ 100",2,0.08
25,1,"No_Rep_ 100",1,0.04
25,1,"No_Rep_ 100",0,0
25,1,"No_Rep_ 100",5,0.2
25,1,"No_Rep_ 100",3,0.12
25,1,"No_Rep_ 100",0,0
25,1,"No_Rep_ 100",4,0.16
25,1,"No_Rep_ 100",0,0
25,1,"No_Rep_ 100",1,0.04
25,1,"No_Rep_ 100",2,0.08
25,1,"No_Rep_ 100",1,0.04
25,1,"No_Rep_ 100",5,0.2
25,1,"No_Rep_ 100",2,0.08
25,1,"No_Rep_ 100",3,0.12
25,1,"No_Rep_ 100",0,0
25,1,"No_Rep_ 100",3,0.12
25,1,"No_Rep_ 100",0,0
25,1,"No_Rep_ 100",2,0.08
25,1,"No_Rep_ 100",0,0
25,1,"No_Rep_ 100",2,0.08
25,1,"No_Rep_ 100",6,0.24
25,1,"No_Rep_ 100",3,0.12
25,1,"No_Rep_ 100",0,0
25,1,"No_Rep_ 100",2,0.08
25,1,"No_Rep_ 100",1,0.04
25,1,"No_Rep_ 100",1,0.04
25,1,"No_Rep_ 100",7,0.28
25,1,"No_Rep_ 100",1,0.04
25,1,"No_Rep_ 100",0,0
25,1,"No_Rep_ 100",4,0.16
25,1,"No_Rep_ 100",2,0.08
25,1,"No_Rep_ 100",4,0.16
25,1,"No_Rep_ 100",7,0.28
25,1,"No_Rep_ 100",4,0.16
25,1,"No_Rep_ 100",0,0
25,1,"No_Rep_ 100",7,0.28
25,1,"No_Rep_ 100",3,0.12
25,1,"No_Rep_ 100",3,0.12
25,1,"No_Rep_ 100",5,0.2
25,1,"No_Rep_ 100",0,0
25,1,"No_Rep_ 100",5,0.2
25,1,"No_Rep_ 100",1,0.04
25,1,"No_Rep_ 100",7,0.28
25,1,"No_Rep_ 100",1,0.04
25,1,"No_Rep_ 100",1,0.04
25,1,"No_Rep_ 100",2,0.08
25,1,"No_Rep_ 100",0,0
25,1,"No_Rep_ 100",6,0.24
25,1,"No_Rep_ 100",1,0.04
25,2,"No_Rep_ 100",0,0
25,2,"No_Rep_ 100",0,0
25,2,"No_Rep_ 100",0,0
25,2,"No_Rep_ 100",1,0.04
25,2,"No_Rep_ 100",0,0
25,2,"No_Rep_ 100",0,0
25,2,"No_Rep_ 100",1,0.04
25,2,"No_Rep_ 100",2,0.08
25,2,"No_Rep_ 100",3,0.12
25,2,"No_Rep_ 100",1,0.04
25,2,"No_Rep_ 100",3,0.12
25,2,"No_Rep_ 100",1,0.04
25,2,"No_Rep_ 100",1,0.04
25,2,"No_Rep_ 100",4,0.16
25,2,"No_Rep_ 100",0,0
25,2,"No_Rep_ 100",0,0
25,2,"No_Rep_ 100",0,0
25,2,"No_Rep_ 100",2,0.08
25,2,"No_Rep_ 100",1,0.04
25,2,"No_Rep_ 100",0,0
25,2,"No_Rep_ 100",0,0
25,2,"No_Rep_ 100",0,0
25,2,"No_Rep_ 100",0,0
25,2,"No_Rep_ 100",0,0
25,2,"No_Rep_ 100",2,0.08
25,2,"No_Rep_ 100",0,0
25,2,"No_Rep_ 100",3,0.12
25,2,"No_Rep_ 100",0,0
25,2,"No_Rep_ 100",1,0.04
25,2,"No_Rep_ 100",1,0.04
25,2,"No_Rep_ 100",1,0.04
25,2,"No_Rep_ 100",0,0
25,2,"No_Rep_ 100",0,0
25,2,"No_Rep_ 100",0,0
25,2,"No_Rep_ 100",0,0
25,2,"No_Rep_ 100",1,0.04
25,2,"No_Rep_ 100",1,0.04
25,2,"No_Rep_ 100",2,0.08
25,2,"No_Rep_ 100",0,0
25,2,"No_Rep_ 100",1,0.04
25,2,"No_Rep_ 100",0,0
25,2,"No_Rep_ 100",0,0
25,2,"No_Rep_ 100",3,0.12
25,2,"No_Rep_ 100",1,0.04
25,2,"No_Rep_ 100",2,0.08
25,2,"No_Rep_ 100",0,0
25,2,"No_Rep_ 100",1,0.04
25,2,"No_Rep_ 100",1,0.04
25,2,"No_Rep_ 100",0,0
25,2,"No_Rep_ 100",1,0.04
25,2,"No_Rep_ 100",0,0
25,2,"No_Rep_ 100",1,0.04
25,2,"No_Rep_ 100",3,0.12
25,2,"No_Rep_ 100",0,0
25,2,"No_Rep_ 100",2,0.08
25,2,"No_Rep_ 100",0,0
25,2,"No_Rep_ 100",1,0.04
25,2,"No_Rep_ 100",1,0.04
25,2,"No_Rep_ 100",0,0
25,2,"No_Rep_ 100",0,0
25,2,"No_Rep_ 100",0,0
25,2,"No_Rep_ 100",1,0.04
25,2,"No_Rep_ 100",2,0.08
25,2,"No_Rep_ 100",0,0
25,2,"No_Rep_ 100",0,0
25,2,"No_Rep_ 100",1,0.04
25,2,"No_Rep_ 100",0,0
25,2,"No_Rep_ 100",2,0.08
25,2,"No_Rep_ 100",0,0
25,2,"No_Rep_ 100",1,0.04
25,2,"No_Rep_ 100",0,0
25,2,"No_Rep_ 100",1,0.04
25,2,"No_Rep_ 100",0,0
25,2,"No_Rep_ 100",2,0.08
25,2,"No_Rep_ 100",0,0
25,2,"No_Rep_ 100",0,0
25,2,"No_Rep_ 100",0,0
25,2,"No_Rep_ 100",0,0
25,2,"No_Rep_ 100",0,0
25,2,"No_Rep_ 100",1,0.04
25,2,"No_Rep_ 100",0,0
25,2,"No_Rep_ 100",2,0.08
25,2,"No_Rep_ 100",0,0
25,2,"No_Rep_ 100",0,0
25,2,"No_Rep_ 100",0,0
25,2,"No_Rep_ 100",0,0
25,2,"No_Rep_ 100",0,0
25,2,"No_Rep_ 100",3,0.12
25,2,"No_Rep_ 100",1,0.04
25,2,"No_Rep_ 100",1,0.04
25,2,"No_Rep_ 100",1,0.04
25,2,"No_Rep_ 100",1,0.04
25,2,"No_Rep_ 100",0,0
25,2,"No_Rep_ 100",0,0
25,2,"No_Rep_ 100",2,0.08
25,2,"No_Rep_ 100",0,0
25,2,"No_Rep_ 100",3,0.12
25,2,"No_Rep_ 100",0,0
25,2,"No_Rep_ 100",2,0.08
25,2,"No_Rep_ 100",0,0
25,3,"No_Rep_ 100",0,0
25,3,"No_Rep_ 100",0,0
25,3,"No_Rep_ 100",0,0
25,3,"No_Rep_ 100",2,0.08
25,3,"No_Rep_ 100",0,0
25,3,"No_Rep_ 100",0,0
25,3,"No_Rep_ 100",1,0.04
25,3,"No_Rep_ 100",1,0.04
25,3,"No_Rep_ 100",0,0
25,3,"No_Rep_ 100",1,0.04
25,3,"No_Rep_ 100",0,0
25,3,"No_Rep_ 100",1,0.04
25,3,"No_Rep_ 100",0,0
25,3,"No_Rep_ 100",0,0
25,3,"No_Rep_ 100",0,0
25,3,"No_Rep_ 100",0,0
25,3,"No_Rep_ 100",0,0
25,3,"No_Rep_ 100",0,0
25,3,"No_Rep_ 100",0,0
25,3,"No_Rep_ 100",0,0
25,3,"No_Rep_ 100",2,0.08
25,3,"No_Rep_ 100",0,0
25,3,"No_Rep_ 100",0,0
25,3,"No_Rep_ 100",0,0
25,3,"No_Rep_ 100",1,0.04
25,3,"No_Rep_ 100",1,0.04
25,3,"No_Rep_ 100",0,0
25,3,"No_Rep_ 100",1,0.04
25,3,"No_Rep_ 100",0,0
25,3,"No_Rep_ 100",0,0
25,3,"No_Rep_ 100",2,0.08
25,3,"No_Rep_ 100",0,0
25,3,"No_Rep_ 100",0,0
25,3,"No_Rep_ 100",0,0
25,3,"No_Rep_ 100",0,0
25,3,"No_Rep_ 100",0,0
25,3,"No_Rep_ 100",0,0
25,3,"No_Rep_ 100",1,0.04
25,3,"No_Rep_ 100",0,0
25,3,"No_Rep_ 100",0,0
25,3,"No_Rep_ 100",0,0
25,3,"No_Rep_ 100",0,0
25,3,"No_Rep_ 100",0,0
25,3,"No_Rep_ 100",1,0.04
25,3,"No_Rep_ 100",0,0
25,3,"No_Rep_ 100",1,0.04
25,3,"No_Rep_ 100",1,0.04
25,3,"No_Rep_ 100",0,0
25,3,"No_Rep_ 100",1,0.04
25,3,"No_Rep_ 100",0,0
25,3,"No_Rep_ 100",1,0.04
25,3,"No_Rep_ 100",0,0
25,3,"No_Rep_ 100",0,0
25,3,"No_Rep_ 100",0,0
25,3,"No_Rep_ 100",2,0.08
25,3,"No_Rep_ 100",0,0
25,3,"No_Rep_ 100",0,0
25,3,"No_Rep_ 100",0,0
25,3,"No_Rep_ 100",0,0
25,3,"No_Rep_ 100",0,0
25,3,"No_Rep_ 100",0,0
25,3,"No_Rep_ 100",0,0
25,3,"No_Rep_ 100",0,0
25,3,"No_Rep_ 100",1,0.04
25,3,"No_Rep_ 100",1,0.04
25,3,"No_Rep_ 100",1,0.04
25,3,"No_Rep_ 100",0,0
25,3,"No_Rep_ 100",2,0.08
25,3,"No_Rep_ 100",0,0
25,3,"No_Rep_ 100",2,0.08
25,3,"No_Rep_ 100",0,0
25,3,"No_Rep_ 100",0,0
25,3,"No_Rep_ 100",0,0
25,3,"No_Rep_ 100",1,0.04
25,3,"No_Rep_ 100",0,0
25,3,"No_Rep_ 100",0,0
25,3,"No_Rep_ 100",0,0
25,3,"No_Rep_ 100",0,0
25,3,"No_Rep_ 100",1,0.04
25,3,"No_Rep_ 100",0,0
25,3,"No_Rep_ 100",0,0
25,3,"No_Rep_ 100",1,0.04
25,3,"No_Rep_ 100",2,0.08
25,3,"No_Rep_ 100",0,0
25,3,"No_Rep_ 100",0,0
25,3,"No_Rep_ 100",0,0
25,3,"No_Rep_ 100",0,0
25,3,"No_Rep_ 100",0,0
25,3,"No_Rep_ 100",0,0
25,3,"No_Rep_ 100",0,0
25,3,"No_Rep_ 100",0,0
25,3,"No_Rep_ 100",1,0.04
25,3,"No_Rep_ 100",0,0
25,3,"No_Rep_ 100",0,0
25,3,"No_Rep_ 100",0,0
25,3,"No_Rep_ 100",1,0.04
25,3,"No_Rep_ 100",0,0
25,3,"No_Rep_ 100",0,0
25,3,"No_Rep_ 100",0,0
25,3,"No_Rep_ 100",0,0
25,4,"No_Rep_ 100",0,0
25,4,"No_Rep_ 100",0,0
25,4,"No_Rep_ 100",0,0
25,4,"No_Rep_ 100",0,0
25,4,"No_Rep_ 100",0,0
25,4,"No_Rep_ 100",0,0
25,4,"No_Rep_ 100",0,0
25,4,"No_Rep_ 100",0,0
25,4,"No_Rep_ 100",1,0.04
25,4,"No_Rep_ 100",0,0
25,4,"No_Rep_ 100",0,0
25,4,"No_Rep_ 100",0,0
25,4,"No_Rep_ 100",0,0
25,4,"No_Rep_ 100",1,0.04
25,4,"No_Rep_ 100",0,0
25,4,"No_Rep_ 100",1,0.04
25,4,"No_Rep_ 100",0,0
25,4,"No_Rep_ 100",0,0
25,4,"No_Rep_ 100",1,0.04
25,4,"No_Rep_ 100",0,0
25,4,"No_Rep_ 100",0,0
25,4,"No_Rep_ 100",0,0
25,4,"No_Rep_ 100",0,0
25,4,"No_Rep_ 100",1,0.04
25,4,"No_Rep_ 100",0,0
25,4,"No_Rep_ 100",0,0
25,4,"No_Rep_ 100",0,0
25,4,"No_Rep_ 100",1,0.04
25,4,"No_Rep_ 100",0,0
25,4,"No_Rep_ 100",0,0
25,4,"No_Rep_ 100",0,0
25,4,"No_Rep_ 100",0,0
25,4,"No_Rep_ 100",0,0
25,4,"No_Rep_ 100",0,0
25,4,"No_Rep_ 100",0,0
25,4,"No_Rep_ 100",1,0.04
25,4,"No_Rep_ 100",0,0
25,4,"No_Rep_ 100",0,0
25,4,"No_Rep_ 100",0,0
25,4,"No_Rep_ 100",0,0
25,4,"No_Rep_ 100",0,0
25,4,"No_Rep_ 100",0,0
25,4,"No_Rep_ 100",0,0
25,4,"No_Rep_ 100",0,0
25,4,"No_Rep_ 100",1,0.04
25,4,"No_Rep_ 100",0,0
25,4,"No_Rep_ 100",1,0.04
25,4,"No_Rep_ 100",0,0
25,4,"No_Rep_ 100",1,0.04
25,4,"No_Rep_ 100",0,0
25,4,"No_Rep_ 100",0,0
25,4,"No_Rep_ 100",0,0
25,4,"No_Rep_ 100",0,0
25,4,"No_Rep_ 100",0,0
25,4,"No_Rep_ 100",0,0
25,4,"No_Rep_ 100",1,0.04
25,4,"No_Rep_ 100",0,0
25,4,"No_Rep_ 100",0,0
25,4,"No_Rep_ 100",0,0
25,4,"No_Rep_ 100",0,0
25,4,"No_Rep_ 100",0,0
25,4,"No_Rep_ 100",1,0.04
25,4,"No_Rep_ 100",0,0
25,4,"No_Rep_ 100",1,0.04
25,4,"No_Rep_ 100",0,0
25,4,"No_Rep_ 100",0,0
25,4,"No_Rep_ 100",0,0
25,4,"No_Rep_ 100",0,0
25,4,"No_Rep_ 100",0,0
25,4,"No_Rep_ 100",0,0
25,4,"No_Rep_ 100",0,0
25,4,"No_Rep_ 100",0,0
25,4,"No_Rep_ 100",0,0
25,4,"No_Rep_ 100",1,0.04
25,4,"No_Rep_ 100",0,0
25,4,"No_Rep_ 100",1,0.04
25,4,"No_Rep_ 100",0,0
25,4,"No_Rep_ 100",0,0
25,4,"No_Rep_ 100",0,0
25,4,"No_Rep_ 100",0,0
25,4,"No_Rep_ 100",0,0
25,4,"No_Rep_ 100",0,0
25,4,"No_Rep_ 100",0,0
25,4,"No_Rep_ 100",0,0
25,4,"No_Rep_ 100",0,0
25,4,"No_Rep_ 100",0,0
25,4,"No_Rep_ 100",0,0
25,4,"No_Rep_ 100",0,0
25,4,"No_Rep_ 100",1,0.04
25,4,"No_Rep_ 100",0,0
25,4,"No_Rep_ 100",0,0
25,4,"No_Rep_ 100",0,0
25,4,"No_Rep_ 100",0,0
25,4,"No_Rep_ 100",1,0.04
25,4,"No_Rep_ 100",0,0
25,4,"No_Rep_ 100",0,0
25,4,"No_Rep_ 100",0,0
25,4,"No_Rep_ 100",0,0
25,4,"No_Rep_ 100",1,0.04
25,4,"No_Rep_ 100",1,0.04
25,5,"No_Rep_ 100",0,0
25,5,"No_Rep_ 100",0,0
25,5,"No_Rep_ 100",0,0
25,5,"No_Rep_ 100",0,0
25,5,"No_Rep_ 100",0,0
25,5,"No_Rep_ 100",0,0
25,5,"No_Rep_ 100",0,0
25,5,"No_Rep_ 100",0,0
25,5,"No_Rep_ 100",2,0.08
25,5,"No_Rep_ 100",0,0
25,5,"No_Rep_ 100",0,0
25,5,"No_Rep_ 100",0,0
25,5,"No_Rep_ 100",0,0
25,5,"No_Rep_ 100",1,0.04
25,5,"No_Rep_ 100",0,0
25,5,"No_Rep_ 100",0,0
25,5,"No_Rep_ 100",0,0
25,5,"No_Rep_ 100",0,0
25,5,"No_Rep_ 100",0,0
25,5,"No_Rep_ 100",0,0
25,5,"No_Rep_ 100",0,0
25,5,"No_Rep_ 100",1,0.04
25,5,"No_Rep_ 100",0,0
25,5,"No_Rep_ 100",0,0
25,5,"No_Rep_ 100",0,0
25,5,"No_Rep_ 100",0,0
25,5,"No_Rep_ 100",0,0
25,5,"No_Rep_ 100",0,0
25,5,"No_Rep_ 100",0,0
25,5,"No_Rep_ 100",0,0
25,5,"No_Rep_ 100",0,0
25,5,"No_Rep_ 100",0,0
25,5,"No_Rep_ 100",0,0
25,5,"No_Rep_ 100",0,0
25,5,"No_Rep_ 100",2,0.08
25,5,"No_Rep_ 100",0,0
25,5,"No_Rep_ 100",0,0
25,5,"No_Rep_ 100",0,0
25,5,"No_Rep_ 100",0,0
25,5,"No_Rep_ 100",0,0
25,5,"No_Rep_ 100",0,0
25,5,"No_Rep_ 100",0,0
25,5,"No_Rep_ 100",0,0
25,5,"No_Rep_ 100",0,0
25,5,"No_Rep_ 100",0,0
25,5,"No_Rep_ 100",0,0
25,5,"No_Rep_ 100",0,0
25,5,"No_Rep_ 100",0,0
25,5,"No_Rep_ 100",0,0
25,5,"No_Rep_ 100",0,0
25,5,"No_Rep_ 100",0,0
25,5,"No_Rep_ 100",1,0.04
25,5,"No_Rep_ 100",0,0
25,5,"No_Rep_ 100",0,0
25,5,"No_Rep_ 100",0,0
25,5,"No_Rep_ 100",0,0
25,5,"No_Rep_ 100",0,0
25,5,"No_Rep_ 100",1,0.04
25,5,"No_Rep_ 100",0,0
25,5,"No_Rep_ 100",0,0
25,5,"No_Rep_ 100",0,0
25,5,"No_Rep_ 100",1,0.04
25,5,"No_Rep_ 100",1,0.04
25,5,"No_Rep_ 100",0,0
25,5,"No_Rep_ 100",0,0
25,5,"No_Rep_ 100",0,0
25,5,"No_Rep_ 100",0,0
25,5,"No_Rep_ 100",0,0
25,5,"No_Rep_ 100",0,0
25,5,"No_Rep_ 100",0,0
25,5,"No_Rep_ 100",0,0
25,5,"No_Rep_ 100",0,0
25,5,"No_Rep_ 100",0,0
25,5,"No_Rep_ 100",0,0
25,5,"No_Rep_ 100",1,0.04
25,5,"No_Rep_ 100",0,0
25,5,"No_Rep_ 100",1,0.04
25,5,"No_Rep_ 100",0,0
25,5,"No_Rep_ 100",0,0
25,5,"No_Rep_ 100",0,0
25,5,"No_Rep_ 100",0,0
25,5,"No_Rep_ 100",0,0
25,5,"No_Rep_ 100",0,0
25,5,"No_Rep_ 100",0,0
25,5,"No_Rep_ 100",0,0
25,5,"No_Rep_ 100",1,0.04
25,5,"No_Rep_ 100",0,0
25,5,"No_Rep_ 100",0,0
25,5,"No_Rep_ 100",0,0
25,5,"No_Rep_ 100",0,0
25,5,"No_Rep_ 100",0,0
25,5,"No_Rep_ 100",0,0
25,5,"No_Rep_ 100",0,0
25,5,"No_Rep_ 100",0,0
25,5,"No_Rep_ 100",0,0
25,5,"No_Rep_ 100",0,0
25,5,"No_Rep_ 100",0,0
25,5,"No_Rep_ 100",0,0
25,5,"No_Rep_ 100",0,0
25,5,"No_Rep_ 100",0,0
25,6,"No_Rep_ 100",1,0.04
25,6,"No_Rep_ 100",0,0
25,6,"No_Rep_ 100",1,0.04
25,6,"No_Rep_ 100",0,0
25,6,"No_Rep_ 100",0,0
25,6,"No_Rep_ 100",2,0.08
25,6,"No_Rep_ 100",0,0
25,6,"No_Rep_ 100",1,0.04
25,6,"No_Rep_ 100",0,0
25,6,"No_Rep_ 100",0,0
25,6,"No_Rep_ 100",0,0
25,6,"No_Rep_ 100",0,0
25,6,"No_Rep_ 100",0,0
25,6,"No_Rep_ 100",0,0
25,6,"No_Rep_ 100",0,0
25,6,"No_Rep_ 100",0,0
25,6,"No_Rep_ 100",0,0
25,6,"No_Rep_ 100",0,0
25,6,"No_Rep_ 100",1,0.04
25,6,"No_Rep_ 100",0,0
25,6,"No_Rep_ 100",0,0
25,6,"No_Rep_ 100",0,0
25,6,"No_Rep_ 100",0,0
25,6,"No_Rep_ 100",0,0
25,6,"No_Rep_ 100",0,0
25,6,"No_Rep_ 100",0,0
25,6,"No_Rep_ 100",0,0
25,6,"No_Rep_ 100",0,0
25,6,"No_Rep_ 100",0,0
25,6,"No_Rep_ 100",0,0
25,6,"No_Rep_ 100",0,0
25,6,"No_Rep_ 100",0,0
25,6,"No_Rep_ 100",0,0
25,6,"No_Rep_ 100",1,0.04
25,6,"No_Rep_ 100",0,0
25,6,"No_Rep_ 100",0,0
25,6,"No_Rep_ 100",0,0
25,6,"No_Rep_ 100",0,0
25,6,"No_Rep_ 100",0,0
25,6,"No_Rep_ 100",0,0
25,6,"No_Rep_ 100",0,0
25,6,"No_Rep_ 100",0,0
25,6,"No_Rep_ 100",1,0.04
25,6,"No_Rep_ 100",1,0.04
25,6,"No_Rep_ 100",0,0
25,6,"No_Rep_ 100",0,0
25,6,"No_Rep_ 100",0,0
25,6,"No_Rep_ 100",0,0
25,6,"No_Rep_ 100",0,0
25,6,"No_Rep_ 100",0,0
25,6,"No_Rep_ 100",0,0
25,6,"No_Rep_ 100",0,0
25,6,"No_Rep_ 100",0,0
25,6,"No_Rep_ 100",0,0
25,6,"No_Rep_ 100",0,0
25,6,"No_Rep_ 100",0,0
25,6,"No_Rep_ 100",0,0
25,6,"No_Rep_ 100",0,0
25,6,"No_Rep_ 100",1,0.04
25,6,"No_Rep_ 100",0,0
25,6,"No_Rep_ 100",0,0
25,6,"No_Rep_ 100",0,0
25,6,"No_Rep_ 100",0,0
25,6,"No_Rep_ 100",1,0.04
25,6,"No_Rep_ 100",0,0
25,6,"No_Rep_ 100",0,0
25,6,"No_Rep_ 100",0,0
25,6,"No_Rep_ 100",1,0.04
25,6,"No_Rep_ 100",0,0
25,6,"No_Rep_ 100",0,0
25,6,"No_Rep_ 100",0,0
25,6,"No_Rep_ 100",0,0
25,6,"No_Rep_ 100",0,0
25,6,"No_Rep_ 100",0,0
25,6,"No_Rep_ 100",0,0
25,6,"No_Rep_ 100",0,0
25,6,"No_Rep_ 100",0,0
25,6,"No_Rep_ 100",0,0
25,6,"No_Rep_ 100",1,0.04
25,6,"No_Rep_ 100",0,0
25,6,"No_Rep_ 100",0,0
25,6,"No_Rep_ 100",1,0.04
25,6,"No_Rep_ 100",0,0
25,6,"No_Rep_ 100",0,0
25,6,"No_Rep_ 100",0,0
25,6,"No_Rep_ 100",0,0
25,6,"No_Rep_ 100",0,0
25,6,"No_Rep_ 100",0,0
25,6,"No_Rep_ 100",0,0
25,6,"No_Rep_ 100",0,0
25,6,"No_Rep_ 100",0,0
25,6,"No_Rep_ 100",0,0
25,6,"No_Rep_ 100",0,0
25,6,"No_Rep_ 100",0,0
25,6,"No_Rep_ 100",0,0
25,6,"No_Rep_ 100",0,0
25,6,"No_Rep_ 100",0,0
25,6,"No_Rep_ 100",0,0
25,6,"No_Rep_ 100",0,0
25,6,"No_Rep_ 100",1,0.04
25,7,"No_Rep_ 100",0,0
25,7,"No_Rep_ 100",0,0
25,7,"No_Rep_ 100",0,0
25,7,"No_Rep_ 100",0,0
25,7,"No_Rep_ 100",0,0
25,7,"No_Rep_ 100",0,0
25,7,"No_Rep_ 100",0,0
25,7,"No_Rep_ 100",1,0.04
25,7,"No_Rep_ 100",0,0
25,7,"No_Rep_ 100",0,0
25,7,"No_Rep_ 100",0,0
25,7,"No_Rep_ 100",0,0
25,7,"No_Rep_ 100",0,0
25,7,"No_Rep_ 100",0,0
25,7,"No_Rep_ 100",0,0
25,7,"No_Rep_ 100",0,0
25,7,"No_Rep_ 100",0,0
25,7,"No_Rep_ 100",1,0.04
25,7,"No_Rep_ 100",0,0
25,7,"No_Rep_ 100",1,0.04
25,7,"No_Rep_ 100",0,0
25,7,"No_Rep_ 100",0,0
25,7,"No_Rep_ 100",0,0
25,7,"No_Rep_ 100",0,0
25,7,"No_Rep_ 100",0,0
25,7,"No_Rep_ 100",0,0
25,7,"No_Rep_ 100",0,0
25,7,"No_Rep_ 100",0,0
25,7,"No_Rep_ 100",0,0
25,7,"No_Rep_ 100",0,0
25,7,"No_Rep_ 100",0,0
25,7,"No_Rep_ 100",0,0
25,7,"No_Rep_ 100",0,0
25,7,"No_Rep_ 100",0,0
25,7,"No_Rep_ 100",0,0
25,7,"No_Rep_ 100",0,0
25,7,"No_Rep_ 100",0,0
25,7,"No_Rep_ 100",1,0.04
25,7,"No_Rep_ 100",0,0
25,7,"No_Rep_ 100",0,0
25,7,"No_Rep_ 100",0,0
25,7,"No_Rep_ 100",0,0
25,7,"No_Rep_ 100",0,0
25,7,"No_Rep_ 100",0,0
25,7,"No_Rep_ 100",0,0
25,7,"No_Rep_ 100",0,0
25,7,"No_Rep_ 100",0,0
25,7,"No_Rep_ 100",0,0
25,7,"No_Rep_ 100",0,0
25,7,"No_Rep_ 100",0,0
25,7,"No_Rep_ 100",0,0
25,7,"No_Rep_ 100",0,0
25,7,"No_Rep_ 100",0,0
25,7,"No_Rep_ 100",0,0
25,7,"No_Rep_ 100",0,0
25,7,"No_Rep_ 100",1,0.04
25,7,"No_Rep_ 100",0,0
25,7,"No_Rep_ 100",0,0
25,7,"No_Rep_ 100",0,0
25,7,"No_Rep_ 100",0,0
25,7,"No_Rep_ 100",0,0
25,7,"No_Rep_ 100",0,0
25,7,"No_Rep_ 100",0,0
25,7,"No_Rep_ 100",0,0
25,7,"No_Rep_ 100",0,0
25,7,"No_Rep_ 100",0,0
25,7,"No_Rep_ 100",0,0
25,7,"No_Rep_ 100",0,0
25,7,"No_Rep_ 100",0,0
25,7,"No_Rep_ 100",0,0
25,7,"No_Rep_ 100",0,0
25,7,"No_Rep_ 100",0,0
25,7,"No_Rep_ 100",0,0
25,7,"No_Rep_ 100",0,0
25,7,"No_Rep_ 100",0,0
25,7,"No_Rep_ 100",1,0.04
25,7,"No_Rep_ 100",0,0
25,7,"No_Rep_ 100",0,0
25,7,"No_Rep_ 100",0,0
25,7,"No_Rep_ 100",0,0
25,7,"No_Rep_ 100",0,0
25,7,"No_Rep_ 100",0,0
25,7,"No_Rep_ 100",0,0
25,7,"No_Rep_ 100",0,0
25,7,"No_Rep_ 100",0,0
25,7,"No_Rep_ 100",0,0
25,7,"No_Rep_ 100",0,0
25,7,"No_Rep_ 100",0,0
25,7,"No_Rep_ 100",0,0
25,7,"No_Rep_ 100",0,0
25,7,"No_Rep_ 100",0,0
25,7,"No_Rep_ 100",0,0
25,7,"No_Rep_ 100",0,0
25,7,"No_Rep_ 100",0,0
25,7,"No_Rep_ 100",0,0
25,7,"No_Rep_ 100",0,0
25,7,"No_Rep_ 100",0,0
25,7,"No_Rep_ 100",0,0
25,7,"No_Rep_ 100",0,0
25,7,"No_Rep_ 100",0,0
25,8,"No_Rep_ 100",0,0
25,8,"No_Rep_ 100",0,0
25,8,"No_Rep_ 100",0,0
25,8,"No_Rep_ 100",0,0
25,8,"No_Rep_ 100",0,0
25,8,"No_Rep_ 100",1,0.04
25,8,"No_Rep_ 100",0,0
25,8,"No_Rep_ 100",0,0
25,8,"No_Rep_ 100",0,0
25,8,"No_Rep_ 100",0,0
25,8,"No_Rep_ 100",0,0
25,8,"No_Rep_ 100",0,0
25,8,"No_Rep_ 100",0,0
25,8,"No_Rep_ 100",0,0
25,8,"No_Rep_ 100",0,0
25,8,"No_Rep_ 100",0,0
25,8,"No_Rep_ 100",0,0
25,8,"No_Rep_ 100",0,0
25,8,"No_Rep_ 100",1,0.04
25,8,"No_Rep_ 100",0,0
25,8,"No_Rep_ 100",0,0
25,8,"No_Rep_ 100",0,0
25,8,"No_Rep_ 100",0,0
25,8,"No_Rep_ 100",1,0.04
25,8,"No_Rep_ 100",0,0
25,8,"No_Rep_ 100",0,0
25,8,"No_Rep_ 100",0,0
25,8,"No_Rep_ 100",0,0
25,8,"No_Rep_ 100",1,0.04
25,8,"No_Rep_ 100",0,0
25,8,"No_Rep_ 100",0,0
25,8,"No_Rep_ 100",0,0
25,8,"No_Rep_ 100",0,0
25,8,"No_Rep_ 100",1,0.04
25,8,"No_Rep_ 100",0,0
25,8,"No_Rep_ 100",0,0
25,8,"No_Rep_ 100",0,0
25,8,"No_Rep_ 100",0,0
25,8,"No_Rep_ 100",0,0
25,8,"No_Rep_ 100",0,0
25,8,"No_Rep_ 100",0,0
25,8,"No_Rep_ 100",0,0
25,8,"No_Rep_ 100",0,0
25,8,"No_Rep_ 100",0,0
25,8,"No_Rep_ 100",1,0.04
25,8,"No_Rep_ 100",0,0
25,8,"No_Rep_ 100",0,0
25,8,"No_Rep_ 100",0,0
25,8,"No_Rep_ 100",0,0
25,8,"No_Rep_ 100",0,0
25,8,"No_Rep_ 100",0,0
25,8,"No_Rep_ 100",0,0
25,8,"No_Rep_ 100",0,0
25,8,"No_Rep_ 100",0,0
25,8,"No_Rep_ 100",0,0
25,8,"No_Rep_ 100",0,0
25,8,"No_Rep_ 100",0,0
25,8,"No_Rep_ 100",1,0.04
25,8,"No_Rep_ 100",0,0
25,8,"No_Rep_ 100",0,0
25,8,"No_Rep_ 100",0,0
25,8,"No_Rep_ 100",0,0
25,8,"No_Rep_ 100",0,0
25,8,"No_Rep_ 100",0,0
25,8,"No_Rep_ 100",0,0
25,8,"No_Rep_ 100",0,0
25,8,"No_Rep_ 100",0,0
25,8,"No_Rep_ 100",0,0
25,8,"No_Rep_ 100",0,0
25,8,"No_Rep_ 100",0,0
25,8,"No_Rep_ 100",0,0
25,8,"No_Rep_ 100",0,0
25,8,"No_Rep_ 100",0,0
25,8,"No_Rep_ 100",0,0
25,8,"No_Rep_ 100",0,0
25,8,"No_Rep_ 100",0,0
25,8,"No_Rep_ 100",0,0
25,8,"No_Rep_ 100",0,0
25,8,"No_Rep_ 100",0,0
25,8,"No_Rep_ 100",1,0.04
25,8,"No_Rep_ 100",0,0
25,8,"No_Rep_ 100",0,0
25,8,"No_Rep_ 100",0,0
25,8,"No_Rep_ 100",0,0
25,8,"No_Rep_ 100",0,0
25,8,"No_Rep_ 100",0,0
25,8,"No_Rep_ 100",0,0
25,8,"No_Rep_ 100",1,0.04
25,8,"No_Rep_ 100",0,0
25,8,"No_Rep_ 100",0,0
25,8,"No_Rep_ 100",0,0
25,8,"No_Rep_ 100",0,0
25,8,"No_Rep_ 100",0,0
25,8,"No_Rep_ 100",1,0.04
25,8,"No_Rep_ 100",0,0
25,8,"No_Rep_ 100",0,0
25,8,"No_Rep_ 100",0,0
25,8,"No_Rep_ 100",0,0
25,8,"No_Rep_ 100",0,0
25,8,"No_Rep_ 100",0,0
50,1,"No_Rep_ 100",7,0.14
50,1,"No_Rep_ 100",1,0.02
50,1,"No_Rep_ 100",4,0.08
50,1,"No_Rep_ 100",8,0.16
50,1,"No_Rep_ 100",7,0.14
50,1,"No_Rep_ 100",1,0.02
50,1,"No_Rep_ 100",3,0.06
50,1,"No_Rep_ 100",0,0
50,1,"No_Rep_ 100",0,0
50,1,"No_Rep_ 100",1,0.02
50,1,"No_Rep_ 100",7,0.14
50,1,"No_Rep_ 100",8,0.16
50,1,"No_Rep_ 100",7,0.14
50,1,"No_Rep_ 100",2,0.04
50,1,"No_Rep_ 100",4,0.08
50,1,"No_Rep_ 100",4,0.08
50,1,"No_Rep_ 100",2,0.04
50,1,"No_Rep_ 100",2,0.04
50,1,"No_Rep_ 100",4,0.08
50,1,"No_Rep_ 100",11,0.22
50,1,"No_Rep_ 100",10,0.2
50,1,"No_Rep_ 100",2,0.04
50,1,"No_Rep_ 100",8,0.16
50,1,"No_Rep_ 100",3,0.06
50,1,"No_Rep_ 100",0,0
50,1,"No_Rep_ 100",4,0.08
50,1,"No_Rep_ 100",1,0.02
50,1,"No_Rep_ 100",1,0.02
50,1,"No_Rep_ 100",8,0.16
50,1,"No_Rep_ 100",6,0.12
50,1,"No_Rep_ 100",0,0
50,1,"No_Rep_ 100",0,0
50,1,"No_Rep_ 100",2,0.04
50,1,"No_Rep_ 100",2,0.04
50,1,"No_Rep_ 100",2,0.04
50,1,"No_Rep_ 100",0,0
50,1,"No_Rep_ 100",3,0.06
50,1,"No_Rep_ 100",5,0.1
50,1,"No_Rep_ 100",1,0.02
50,1,"No_Rep_ 100",5,0.1
50,1,"No_Rep_ 100",2,0.04
50,1,"No_Rep_ 100",3,0.06
50,1,"No_Rep_ 100",7,0.14
50,1,"No_Rep_ 100",11,0.22
50,1,"No_Rep_ 100",9,0.18
50,1,"No_Rep_ 100",9,0.18
50,1,"No_Rep_ 100",0,0
50,1,"No_Rep_ 100",4,0.08
50,1,"No_Rep_ 100",4,0.08
50,1,"No_Rep_ 100",9,0.18
50,1,"No_Rep_ 100",5,0.1
50,1,"No_Rep_ 100",2,0.04
50,1,"No_Rep_ 100",1,0.02
50,1,"No_Rep_ 100",12,0.24
50,1,"No_Rep_ 100",15,0.3
50,1,"No_Rep_ 100",0,0
50,1,"No_Rep_ 100",5,0.1
50,1,"No_Rep_ 100",4,0.08
50,1,"No_Rep_ 100",3,0.06
50,1,"No_Rep_ 100",7,0.14
50,1,"No_Rep_ 100",4,0.08
50,1,"No_Rep_ 100",11,0.22
50,1,"No_Rep_ 100",1,0.02
50,1,"No_Rep_ 100",9,0.18
50,1,"No_Rep_ 100",1,0.02
50,1,"No_Rep_ 100",8,0.16
50,1,"No_Rep_ 100",7,0.14
50,1,"No_Rep_ 100",2,0.04
50,1,"No_Rep_ 100",2,0.04
50,1,"No_Rep_ 100",5,0.1
50,1,"No_Rep_ 100",1,0.02
50,1,"No_Rep_ 100",0,0
50,1,"No_Rep_ 100",6,0.12
50,1,"No_Rep_ 100",7,0.14
50,1,"No_Rep_ 100",1,0.02
50,1,"No_Rep_ 100",12,0.24
50,1,"No_Rep_ 100",1,0.02
50,1,"No_Rep_ 100",0,0
50,1,"No_Rep_ 100",3,0.06
50,1,"No_Rep_ 100",4,0.08
50,1,"No_Rep_ 100",1,0.02
50,1,"No_Rep_ 100",2,0.04
50,1,"No_Rep_ 100",1,0.02
50,1,"No_Rep_ 100",0,0
50,1,"No_Rep_ 100",2,0.04
50,1,"No_Rep_ 100",0,0
50,1,"No_Rep_ 100",7,0.14
50,1,"No_Rep_ 100",6,0.12
50,1,"No_Rep_ 100",4,0.08
50,1,"No_Rep_ 100",10,0.2
50,1,"No_Rep_ 100",6,0.12
50,1,"No_Rep_ 100",6,0.12
50,1,"No_Rep_ 100",7,0.14
50,1,"No_Rep_ 100",4,0.08
50,1,"No_Rep_ 100",1,0.02
50,1,"No_Rep_ 100",5,0.1
50,1,"No_Rep_ 100",8,0.16
50,1,"No_Rep_ 100",12,0.24
50,1,"No_Rep_ 100",4,0.08
50,1,"No_Rep_ 100",11,0.22
50,2,"No_Rep_ 100",2,0.04
50,2,"No_Rep_ 100",1,0.02
50,2,"No_Rep_ 100",1,0.02
50,2,"No_Rep_ 100",0,0
50,2,"No_Rep_ 100",7,0.14
50,2,"No_Rep_ 100",4,0.08
50,2,"No_Rep_ 100",2,0.04
50,2,"No_Rep_ 100",0,0
50,2,"No_Rep_ 100",0,0
50,2,"No_Rep_ 100",2,0.04
50,2,"No_Rep_ 100",1,0.02
50,2,"No_Rep_ 100",1,0.02
50,2,"No_Rep_ 100",0,0
50,2,"No_Rep_ 100",3,0.06
50,2,"No_Rep_ 100",0,0
50,2,"No_Rep_ 100",0,0
50,2,"No_Rep_ 100",2,0.04
50,2,"No_Rep_ 100",1,0.02
50,2,"No_Rep_ 100",1,0.02
50,2,"No_Rep_ 100",0,0
50,2,"No_Rep_ 100",0,0
50,2,"No_Rep_ 100",0,0
50,2,"No_Rep_ 100",1,0.02
50,2,"No_Rep_ 100",2,0.04
50,2,"No_Rep_ 100",2,0.04
50,2,"No_Rep_ 100",1,0.02
50,2,"No_Rep_ 100",0,0
50,2,"No_Rep_ 100",0,0
50,2,"No_Rep_ 100",0,0
50,2,"No_Rep_ 100",2,0.04
50,2,"No_Rep_ 100",1,0.02
50,2,"No_Rep_ 100",3,0.06
50,2,"No_Rep_ 100",3,0.06
50,2,"No_Rep_ 100",0,0
50,2,"No_Rep_ 100",3,0.06
50,2,"No_Rep_ 100",0,0
50,2,"No_Rep_ 100",1,0.02
50,2,"No_Rep_ 100",1,0.02
50,2,"No_Rep_ 100",1,0.02
50,2,"No_Rep_ 100",1,0.02
50,2,"No_Rep_ 100",4,0.08
50,2,"No_Rep_ 100",0,0
50,2,"No_Rep_ 100",1,0.02
50,2,"No_Rep_ 100",2,0.04
50,2,"No_Rep_ 100",0,0
50,2,"No_Rep_ 100",2,0.04
50,2,"No_Rep_ 100",2,0.04
50,2,"No_Rep_ 100",3,0.06
50,2,"No_Rep_ 100",3,0.06
50,2,"No_Rep_ 100",0,0
50,2,"No_Rep_ 100",2,0.04
50,2,"No_Rep_ 100",0,0
50,2,"No_Rep_ 100",0,0
50,2,"No_Rep_ 100",1,0.02
50,2,"No_Rep_ 100",1,0.02
50,2,"No_Rep_ 100",0,0
50,2,"No_Rep_ 100",1,0.02
50,2,"No_Rep_ 100",0,0
50,2,"No_Rep_ 100",3,0.06
50,2,"No_Rep_ 100",1,0.02
50,2,"No_Rep_ 100",0,0
50,2,"No_Rep_ 100",3,0.06
50,2,"No_Rep_ 100",0,0
50,2,"No_Rep_ 100",0,0
50,2,"No_Rep_ 100",0,0
50,2,"No_Rep_ 100",1,0.02
50,2,"No_Rep_ 100",1,0.02
50,2,"No_Rep_ 100",1,0.02
50,2,"No_Rep_ 100",0,0
50,2,"No_Rep_ 100",0,0
50,2,"No_Rep_ 100",0,0
50,2,"No_Rep_ 100",1,0.02
50,2,"No_Rep_ 100",2,0.04
50,2,"No_Rep_ 100",0,0
50,2,"No_Rep_ 100",1,0.02
50,2,"No_Rep_ 100",1,0.02
50,2,"No_Rep_ 100",2,0.04
50,2,"No_Rep_ 100",4,0.08
50,2,"No_Rep_ 100",0,0
50,2,"No_Rep_ 100",0,0
50,2,"No_Rep_ 100",2,0.04
50,2,"No_Rep_ 100",1,0.02
50,2,"No_Rep_ 100",0,0
50,2,"No_Rep_ 100",1,0.02
50,2,"No_Rep_ 100",2,0.04
50,2,"No_Rep_ 100",0,0
50,2,"No_Rep_ 100",0,0
50,2,"No_Rep_ 100",3,0.06
50,2,"No_Rep_ 100",0,0
50,2,"No_Rep_ 100",4,0.08
50,2,"No_Rep_ 100",1,0.02
50,2,"No_Rep_ 100",0,0
50,2,"No_Rep_ 100",0,0
50,2,"No_Rep_ 100",6,0.12
50,2,"No_Rep_ 100",2,0.04
50,2,"No_Rep_ 100",0,0
50,2,"No_Rep_ 100",1,0.02
50,2,"No_Rep_ 100",2,0.04
50,2,"No_Rep_ 100",0,0
50,2,"No_Rep_ 100",2,0.04
50,3,"No_Rep_ 100",0,0
50,3,"No_Rep_ 100",0,0
50,3,"No_Rep_ 100",1,0.02
50,3,"No_Rep_ 100",0,0
50,3,"No_Rep_ 100",0,0
50,3,"No_Rep_ 100",3,0.06
50,3,"No_Rep_ 100",0,0
50,3,"No_Rep_ 100",0,0
50,3,"No_Rep_ 100",0,0
50,3,"No_Rep_ 100",0,0
50,3,"No_Rep_ 100",0,0
50,3,"No_Rep_ 100",0,0
50,3,"No_Rep_ 100",0,0
50,3,"No_Rep_ 100",0,0
50,3,"No_Rep_ 100",1,0.02
50,3,"No_Rep_ 100",2,0.04
50,3,"No_Rep_ 100",1,0.02
50,3,"No_Rep_ 100",0,0
50,3,"No_Rep_ 100",0,0
50,3,"No_Rep_ 100",0,0
50,3,"No_Rep_ 100",0,0
50,3,"No_Rep_ 100",1,0.02
50,3,"No_Rep_ 100",0,0
50,3,"No_Rep_ 100",2,0.04
50,3,"No_Rep_ 100",2,0.04
50,3,"No_Rep_ 100",0,0
50,3,"No_Rep_ 100",2,0.04
50,3,"No_Rep_ 100",0,0
50,3,"No_Rep_ 100",0,0
50,3,"No_Rep_ 100",0,0
50,3,"No_Rep_ 100",0,0
50,3,"No_Rep_ 100",1,0.02
50,3,"No_Rep_ 100",2,0.04
50,3,"No_Rep_ 100",2,0.04
50,3,"No_Rep_ 100",0,0
50,3,"No_Rep_ 100",0,0
50,3,"No_Rep_ 100",2,0.04
50,3,"No_Rep_ 100",0,0
50,3,"No_Rep_ 100",0,0
50,3,"No_Rep_ 100",0,0
50,3,"No_Rep_ 100",0,0
50,3,"No_Rep_ 100",1,0.02
50,3,"No_Rep_ 100",0,0
50,3,"No_Rep_ 100",0,0
50,3,"No_Rep_ 100",0,0
50,3,"No_Rep_ 100",0,0
50,3,"No_Rep_ 100",1,0.02
50,3,"No_Rep_ 100",1,0.02
50,3,"No_Rep_ 100",0,0
50,3,"No_Rep_ 100",0,0
50,3,"No_Rep_ 100",0,0
50,3,"No_Rep_ 100",0,0
50,3,"No_Rep_ 100",2,0.04
50,3,"No_Rep_ 100",0,0
50,3,"No_Rep_ 100",3,0.06
50,3,"No_Rep_ 100",1,0.02
50,3,"No_Rep_ 100",0,0
50,3,"No_Rep_ 100",3,0.06
50,3,"No_Rep_ 100",0,0
50,3,"No_Rep_ 100",0,0
50,3,"No_Rep_ 100",0,0
50,3,"No_Rep_ 100",0,0
50,3,"No_Rep_ 100",0,0
50,3,"No_Rep_ 100",1,0.02
50,3,"No_Rep_ 100",1,0.02
50,3,"No_Rep_ 100",0,0
50,3,"No_Rep_ 100",1,0.02
50,3,"No_Rep_ 100",0,0
50,3,"No_Rep_ 100",0,0
50,3,"No_Rep_ 100",1,0.02
50,3,"No_Rep_ 100",0,0
50,3,"No_Rep_ 100",2,0.04
50,3,"No_Rep_ 100",0,0
50,3,"No_Rep_ 100",1,0.02
50,3,"No_Rep_ 100",0,0
50,3,"No_Rep_ 100",0,0
50,3,"No_Rep_ 100",0,0
50,3,"No_Rep_ 100",0,0
50,3,"No_Rep_ 100",0,0
50,3,"No_Rep_ 100",0,0
50,3,"No_Rep_ 100",1,0.02
50,3,"No_Rep_ 100",1,0.02
50,3,"No_Rep_ 100",0,0
50,3,"No_Rep_ 100",0,0
50,3,"No_Rep_ 100",0,0
50,3,"No_Rep_ 100",0,0
50,3,"No_Rep_ 100",0,0
50,3,"No_Rep_ 100",0,0
50,3,"No_Rep_ 100",0,0
50,3,"No_Rep_ 100",0,0
50,3,"No_Rep_ 100",1,0.02
50,3,"No_Rep_ 100",6,0.12
50,3,"No_Rep_ 100",0,0
50,3,"No_Rep_ 100",0,0
50,3,"No_Rep_ 100",0,0
50,3,"No_Rep_ 100",0,0
50,3,"No_Rep_ 100",0,0
50,3,"No_Rep_ 100",1,0.02
50,3,"No_Rep_ 100",0,0
50,3,"No_Rep_ 100",1,0.02
50,4,"No_Rep_ 100",0,0
50,4,"No_Rep_ 100",0,0
50,4,"No_Rep_ 100",0,0
50,4,"No_Rep_ 100",0,0
50,4,"No_Rep_ 100",0,0
50,4,"No_Rep_ 100",0,0
50,4,"No_Rep_ 100",0,0
50,4,"No_Rep_ 100",0,0
50,4,"No_Rep_ 100",0,0
50,4,"No_Rep_ 100",0,0
50,4,"No_Rep_ 100",0,0
50,4,"No_Rep_ 100",0,0
50,4,"No_Rep_ 100",0,0
50,4,"No_Rep_ 100",0,0
50,4,"No_Rep_ 100",0,0
50,4,"No_Rep_ 100",0,0
50,4,"No_Rep_ 100",0,0
50,4,"No_Rep_ 100",0,0
50,4,"No_Rep_ 100",0,0
50,4,"No_Rep_ 100",0,0
50,4,"No_Rep_ 100",1,0.02
50,4,"No_Rep_ 100",0,0
50,4,"No_Rep_ 100",0,0
50,4,"No_Rep_ 100",1,0.02
50,4,"No_Rep_ 100",0,0
50,4,"No_Rep_ 100",1,0.02
50,4,"No_Rep_ 100",0,0
50,4,"No_Rep_ 100",0,0
50,4,"No_Rep_ 100",0,0
50,4,"No_Rep_ 100",0,0
50,4,"No_Rep_ 100",0,0
50,4,"No_Rep_ 100",2,0.04
50,4,"No_Rep_ 100",0,0
50,4,"No_Rep_ 100",0,0
50,4,"No_Rep_ 100",0,0
50,4,"No_Rep_ 100",0,0
50,4,"No_Rep_ 100",1,0.02
50,4,"No_Rep_ 100",0,0
50,4,"No_Rep_ 100",2,0.04
50,4,"No_Rep_ 100",0,0
50,4,"No_Rep_ 100",0,0
50,4,"No_Rep_ 100",0,0
50,4,"No_Rep_ 100",0,0
50,4,"No_Rep_ 100",0,0
50,4,"No_Rep_ 100",1,0.02
50,4,"No_Rep_ 100",0,0
50,4,"No_Rep_ 100",0,0
50,4,"No_Rep_ 100",0,0
50,4,"No_Rep_ 100",0,0
50,4,"No_Rep_ 100",0,0
50,4,"No_Rep_ 100",0,0
50,4,"No_Rep_ 100",0,0
50,4,"No_Rep_ 100",0,0
50,4,"No_Rep_ 100",0,0
50,4,"No_Rep_ 100",1,0.02
50,4,"No_Rep_ 100",0,0
50,4,"No_Rep_ 100",0,0
50,4,"No_Rep_ 100",0,0
50,4,"No_Rep_ 100",0,0
50,4,"No_Rep_ 100",0,0
50,4,"No_Rep_ 100",0,0
50,4,"No_Rep_ 100",0,0
50,4,"No_Rep_ 100",0,0
50,4,"No_Rep_ 100",0,0
50,4,"No_Rep_ 100",0,0
50,4,"No_Rep_ 100",0,0
50,4,"No_Rep_ 100",0,0
50,4,"No_Rep_ 100",0,0
50,4,"No_Rep_ 100",0,0
50,4,"No_Rep_ 100",0,0
50,4,"No_Rep_ 100",0,0
50,4,"No_Rep_ 100",0,0
50,4,"No_Rep_ 100",0,0
50,4,"No_Rep_ 100",2,0.04
50,4,"No_Rep_ 100",2,0.04
50,4,"No_Rep_ 100",0,0
50,4,"No_Rep_ 100",2,0.04
50,4,"No_Rep_ 100",0,0
50,4,"No_Rep_ 100",0,0
50,4,"No_Rep_ 100",0,0
50,4,"No_Rep_ 100",0,0
50,4,"No_Rep_ 100",0,0
50,4,"No_Rep_ 100",0,0
50,4,"No_Rep_ 100",1,0.02
50,4,"No_Rep_ 100",0,0
50,4,"No_Rep_ 100",0,0
50,4,"No_Rep_ 100",0,0
50,4,"No_Rep_ 100",2,0.04
50,4,"No_Rep_ 100",0,0
50,4,"No_Rep_ 100",1,0.02
50,4,"No_Rep_ 100",0,0
50,4,"No_Rep_ 100",0,0
50,4,"No_Rep_ 100",0,0
50,4,"No_Rep_ 100",0,0
50,4,"No_Rep_ 100",0,0
50,4,"No_Rep_ 100",0,0
50,4,"No_Rep_ 100",1,0.02
50,4,"No_Rep_ 100",2,0.04
50,4,"No_Rep_ 100",0,0
50,4,"No_Rep_ 100",1,0.02
50,5,"No_Rep_ 100",0,0
50,5,"No_Rep_ 100",0,0
50,5,"No_Rep_ 100",0,0
50,5,"No_Rep_ 100",0,0
50,5,"No_Rep_ 100",0,0
50,5,"No_Rep_ 100",0,0
50,5,"No_Rep_ 100",0,0
50,5,"No_Rep_ 100",1,0.02
50,5,"No_Rep_ 100",0,0
50,5,"No_Rep_ 100",0,0
50,5,"No_Rep_ 100",2,0.04
50,5,"No_Rep_ 100",0,0
50,5,"No_Rep_ 100",1,0.02
50,5,"No_Rep_ 100",0,0
50,5,"No_Rep_ 100",1,0.02
50,5,"No_Rep_ 100",0,0
50,5,"No_Rep_ 100",0,0
50,5,"No_Rep_ 100",1,0.02
50,5,"No_Rep_ 100",0,0
50,5,"No_Rep_ 100",0,0
50,5,"No_Rep_ 100",0,0
50,5,"No_Rep_ 100",1,0.02
50,5,"No_Rep_ 100",0,0
50,5,"No_Rep_ 100",0,0
50,5,"No_Rep_ 100",0,0
50,5,"No_Rep_ 100",0,0
50,5,"No_Rep_ 100",1,0.02
50,5,"No_Rep_ 100",0,0
50,5,"No_Rep_ 100",0,0
50,5,"No_Rep_ 100",0,0
50,5,"No_Rep_ 100",1,0.02
50,5,"No_Rep_ 100",0,0
50,5,"No_Rep_ 100",0,0
50,5,"No_Rep_ 100",1,0.02
50,5,"No_Rep_ 100",0,0
50,5,"No_Rep_ 100",0,0
50,5,"No_Rep_ 100",0,0
50,5,"No_Rep_ 100",0,0
50,5,"No_Rep_ 100",0,0
50,5,"No_Rep_ 100",0,0
50,5,"No_Rep_ 100",0,0
50,5,"No_Rep_ 100",1,0.02
50,5,"No_Rep_ 100",0,0
50,5,"No_Rep_ 100",0,0
50,5,"No_Rep_ 100",0,0
50,5,"No_Rep_ 100",0,0
50,5,"No_Rep_ 100",0,0
50,5,"No_Rep_ 100",0,0
50,5,"No_Rep_ 100",0,0
50,5,"No_Rep_ 100",0,0
50,5,"No_Rep_ 100",0,0
50,5,"No_Rep_ 100",1,0.02
50,5,"No_Rep_ 100",0,0
50,5,"No_Rep_ 100",0,0
50,5,"No_Rep_ 100",0,0
50,5,"No_Rep_ 100",0,0
50,5,"No_Rep_ 100",0,0
50,5,"No_Rep_ 100",0,0
50,5,"No_Rep_ 100",0,0
50,5,"No_Rep_ 100",0,0
50,5,"No_Rep_ 100",0,0
50,5,"No_Rep_ 100",0,0
50,5,"No_Rep_ 100",0,0
50,5,"No_Rep_ 100",0,0
50,5,"No_Rep_ 100",0,0
50,5,"No_Rep_ 100",0,0
50,5,"No_Rep_ 100",0,0
50,5,"No_Rep_ 100",0,0
50,5,"No_Rep_ 100",1,0.02
50,5,"No_Rep_ 100",0,0
50,5,"No_Rep_ 100",0,0
50,5,"No_Rep_ 100",0,0
50,5,"No_Rep_ 100",0,0
50,5,"No_Rep_ 100",0,0
50,5,"No_Rep_ 100",0,0
50,5,"No_Rep_ 100",0,0
50,5,"No_Rep_ 100",0,0
50,5,"No_Rep_ 100",2,0.04
50,5,"No_Rep_ 100",0,0
50,5,"No_Rep_ 100",0,0
50,5,"No_Rep_ 100",0,0
50,5,"No_Rep_ 100",0,0
50,5,"No_Rep_ 100",0,0
50,5,"No_Rep_ 100",0,0
50,5,"No_Rep_ 100",0,0
50,5,"No_Rep_ 100",0,0
50,5,"No_Rep_ 100",0,0
50,5,"No_Rep_ 100",0,0
50,5,"No_Rep_ 100",0,0
50,5,"No_Rep_ 100",0,0
50,5,"No_Rep_ 100",0,0
50,5,"No_Rep_ 100",0,0
50,5,"No_Rep_ 100",0,0
50,5,"No_Rep_ 100",0,0
50,5,"No_Rep_ 100",1,0.02
50,5,"No_Rep_ 100",0,0
50,5,"No_Rep_ 100",0,0
50,5,"No_Rep_ 100",0,0
50,5,"No_Rep_ 100",0,0
50,5,"No_Rep_ 100",1,0.02
50,6,"No_Rep_ 100",0,0
50,6,"No_Rep_ 100",0,0
50,6,"No_Rep_ 100",0,0
50,6,"No_Rep_ 100",0,0
50,6,"No_Rep_ 100",0,0
50,6,"No_Rep_ 100",0,0
50,6,"No_Rep_ 100",0,0
50,6,"No_Rep_ 100",0,0
50,6,"No_Rep_ 100",0,0
50,6,"No_Rep_ 100",1,0.02
50,6,"No_Rep_ 100",0,0
50,6,"No_Rep_ 100",1,0.02
50,6,"No_Rep_ 100",0,0
50,6,"No_Rep_ 100",0,0
50,6,"No_Rep_ 100",0,0
50,6,"No_Rep_ 100",0,0
50,6,"No_Rep_ 100",0,0
50,6,"No_Rep_ 100",0,0
50,6,"No_Rep_ 100",0,0
50,6,"No_Rep_ 100",0,0
50,6,"No_Rep_ 100",0,0
50,6,"No_Rep_ 100",0,0
50,6,"No_Rep_ 100",0,0
50,6,"No_Rep_ 100",0,0
50,6,"No_Rep_ 100",0,0
50,6,"No_Rep_ 100",0,0
50,6,"No_Rep_ 100",0,0
50,6,"No_Rep_ 100",0,0
50,6,"No_Rep_ 100",0,0
50,6,"No_Rep_ 100",0,0
50,6,"No_Rep_ 100",0,0
50,6,"No_Rep_ 100",0,0
50,6,"No_Rep_ 100",0,0
50,6,"No_Rep_ 100",0,0
50,6,"No_Rep_ 100",0,0
50,6,"No_Rep_ 100",0,0
50,6,"No_Rep_ 100",0,0
50,6,"No_Rep_ 100",0,0
50,6,"No_Rep_ 100",0,0
50,6,"No_Rep_ 100",0,0
50,6,"No_Rep_ 100",1,0.02
50,6,"No_Rep_ 100",0,0
50,6,"No_Rep_ 100",0,0
50,6,"No_Rep_ 100",0,0
50,6,"No_Rep_ 100",0,0
50,6,"No_Rep_ 100",0,0
50,6,"No_Rep_ 100",0,0
50,6,"No_Rep_ 100",0,0
50,6,"No_Rep_ 100",0,0
50,6,"No_Rep_ 100",0,0
50,6,"No_Rep_ 100",0,0
50,6,"No_Rep_ 100",0,0
50,6,"No_Rep_ 100",0,0
50,6,"No_Rep_ 100",0,0
50,6,"No_Rep_ 100",0,0
50,6,"No_Rep_ 100",0,0
50,6,"No_Rep_ 100",0,0
50,6,"No_Rep_ 100",0,0
50,6,"No_Rep_ 100",0,0
50,6,"No_Rep_ 100",0,0
50,6,"No_Rep_ 100",0,0
50,6,"No_Rep_ 100",0,0
50,6,"No_Rep_ 100",0,0
50,6,"No_Rep_ 100",0,0
50,6,"No_Rep_ 100",0,0
50,6,"No_Rep_ 100",0,0
50,6,"No_Rep_ 100",0,0
50,6,"No_Rep_ 100",0,0
50,6,"No_Rep_ 100",0,0
50,6,"No_Rep_ 100",0,0
50,6,"No_Rep_ 100",0,0
50,6,"No_Rep_ 100",0,0
50,6,"No_Rep_ 100",0,0
50,6,"No_Rep_ 100",2,0.04
50,6,"No_Rep_ 100",0,0
50,6,"No_Rep_ 100",0,0
50,6,"No_Rep_ 100",0,0
50,6,"No_Rep_ 100",0,0
50,6,"No_Rep_ 100",0,0
50,6,"No_Rep_ 100",0,0
50,6,"No_Rep_ 100",1,0.02
50,6,"No_Rep_ 100",0,0
50,6,"No_Rep_ 100",0,0
50,6,"No_Rep_ 100",0,0
50,6,"No_Rep_ 100",0,0
50,6,"No_Rep_ 100",0,0
50,6,"No_Rep_ 100",0,0
50,6,"No_Rep_ 100",1,0.02
50,6,"No_Rep_ 100",0,0
50,6,"No_Rep_ 100",0,0
50,6,"No_Rep_ 100",0,0
50,6,"No_Rep_ 100",0,0
50,6,"No_Rep_ 100",0,0
50,6,"No_Rep_ 100",0,0
50,6,"No_Rep_ 100",0,0
50,6,"No_Rep_ 100",0,0
50,6,"No_Rep_ 100",0,0
50,6,"No_Rep_ 100",0,0
50,6,"No_Rep_ 100",0,0
50,6,"No_Rep_ 100",1,0.02
50,7,"No_Rep_ 100",0,0
50,7,"No_Rep_ 100",0,0
50,7,"No_Rep_ 100",0,0
50,7,"No_Rep_ 100",0,0
50,7,"No_Rep_ 100",0,0
50,7,"No_Rep_ 100",0,0
50,7,"No_Rep_ 100",0,0
50,7,"No_Rep_ 100",0,0
50,7,"No_Rep_ 100",1,0.02
50,7,"No_Rep_ 100",0,0
50,7,"No_Rep_ 100",0,0
50,7,"No_Rep_ 100",0,0
50,7,"No_Rep_ 100",0,0
50,7,"No_Rep_ 100",0,0
50,7,"No_Rep_ 100",0,0
50,7,"No_Rep_ 100",0,0
50,7,"No_Rep_ 100",0,0
50,7,"No_Rep_ 100",0,0
50,7,"No_Rep_ 100",0,0
50,7,"No_Rep_ 100",0,0
50,7,"No_Rep_ 100",1,0.02
50,7,"No_Rep_ 100",0,0
50,7,"No_Rep_ 100",0,0
50,7,"No_Rep_ 100",0,0
50,7,"No_Rep_ 100",0,0
50,7,"No_Rep_ 100",0,0
50,7,"No_Rep_ 100",0,0
50,7,"No_Rep_ 100",0,0
50,7,"No_Rep_ 100",0,0
50,7,"No_Rep_ 100",0,0
50,7,"No_Rep_ 100",0,0
50,7,"No_Rep_ 100",0,0
50,7,"No_Rep_ 100",0,0
50,7,"No_Rep_ 100",0,0
50,7,"No_Rep_ 100",0,0
50,7,"No_Rep_ 100",0,0
50,7,"No_Rep_ 100",0,0
50,7,"No_Rep_ 100",0,0
50,7,"No_Rep_ 100",0,0
50,7,"No_Rep_ 100",0,0
50,7,"No_Rep_ 100",0,0
50,7,"No_Rep_ 100",0,0
50,7,"No_Rep_ 100",0,0
50,7,"No_Rep_ 100",0,0
50,7,"No_Rep_ 100",0,0
50,7,"No_Rep_ 100",0,0
50,7,"No_Rep_ 100",0,0
50,7,"No_Rep_ 100",0,0
50,7,"No_Rep_ 100",0,0
50,7,"No_Rep_ 100",0,0
50,7,"No_Rep_ 100",0,0
50,7,"No_Rep_ 100",0,0
50,7,"No_Rep_ 100",0,0
50,7,"No_Rep_ 100",0,0
50,7,"No_Rep_ 100",0,0
50,7,"No_Rep_ 100",1,0.02
50,7,"No_Rep_ 100",1,0.02
50,7,"No_Rep_ 100",0,0
50,7,"No_Rep_ 100",0,0
50,7,"No_Rep_ 100",0,0
50,7,"No_Rep_ 100",0,0
50,7,"No_Rep_ 100",0,0
50,7,"No_Rep_ 100",1,0.02
50,7,"No_Rep_ 100",0,0
50,7,"No_Rep_ 100",0,0
50,7,"No_Rep_ 100",1,0.02
50,7,"No_Rep_ 100",0,0
50,7,"No_Rep_ 100",0,0
50,7,"No_Rep_ 100",0,0
50,7,"No_Rep_ 100",0,0
50,7,"No_Rep_ 100",1,0.02
50,7,"No_Rep_ 100",0,0
50,7,"No_Rep_ 100",0,0
50,7,"No_Rep_ 100",0,0
50,7,"No_Rep_ 100",0,0
50,7,"No_Rep_ 100",0,0
50,7,"No_Rep_ 100",0,0
50,7,"No_Rep_ 100",0,0
50,7,"No_Rep_ 100",1,0.02
50,7,"No_Rep_ 100",0,0
50,7,"No_Rep_ 100",0,0
50,7,"No_Rep_ 100",0,0
50,7,"No_Rep_ 100",0,0
50,7,"No_Rep_ 100",0,0
50,7,"No_Rep_ 100",1,0.02
50,7,"No_Rep_ 100",0,0
50,7,"No_Rep_ 100",0,0
50,7,"No_Rep_ 100",0,0
50,7,"No_Rep_ 100",0,0
50,7,"No_Rep_ 100",0,0
50,7,"No_Rep_ 100",0,0
50,7,"No_Rep_ 100",0,0
50,7,"No_Rep_ 100",0,0
50,7,"No_Rep_ 100",1,0.02
50,7,"No_Rep_ 100",1,0.02
50,7,"No_Rep_ 100",0,0
50,7,"No_Rep_ 100",0,0
50,7,"No_Rep_ 100",0,0
50,7,"No_Rep_ 100",0,0
50,7,"No_Rep_ 100",1,0.02
50,8,"No_Rep_ 100",0,0
50,8,"No_Rep_ 100",0,0
50,8,"No_Rep_ 100",0,0
50,8,"No_Rep_ 100",0,0
50,8,"No_Rep_ 100",0,0
50,8,"No_Rep_ 100",0,0
50,8,"No_Rep_ 100",0,0
50,8,"No_Rep_ 100",0,0
50,8,"No_Rep_ 100",0,0
50,8,"No_Rep_ 100",0,0
50,8,"No_Rep_ 100",1,0.02
50,8,"No_Rep_ 100",0,0
50,8,"No_Rep_ 100",0,0
50,8,"No_Rep_ 100",0,0
50,8,"No_Rep_ 100",0,0
50,8,"No_Rep_ 100",1,0.02
50,8,"No_Rep_ 100",0,0
50,8,"No_Rep_ 100",0,0
50,8,"No_Rep_ 100",0,0
50,8,"No_Rep_ 100",0,0
50,8,"No_Rep_ 100",0,0
50,8,"No_Rep_ 100",0,0
50,8,"No_Rep_ 100",0,0
50,8,"No_Rep_ 100",1,0.02
50,8,"No_Rep_ 100",1,0.02
50,8,"No_Rep_ 100",0,0
50,8,"No_Rep_ 100",0,0
50,8,"No_Rep_ 100",0,0
50,8,"No_Rep_ 100",0,0
50,8,"No_Rep_ 100",0,0
50,8,"No_Rep_ 100",0,0
50,8,"No_Rep_ 100",0,0
50,8,"No_Rep_ 100",0,0
50,8,"No_Rep_ 100",0,0
50,8,"No_Rep_ 100",1,0.02
50,8,"No_Rep_ 100",0,0
50,8,"No_Rep_ 100",0,0
50,8,"No_Rep_ 100",1,0.02
50,8,"No_Rep_ 100",0,0
50,8,"No_Rep_ 100",0,0
50,8,"No_Rep_ 100",0,0
50,8,"No_Rep_ 100",0,0
50,8,"No_Rep_ 100",0,0
50,8,"No_Rep_ 100",1,0.02
50,8,"No_Rep_ 100",0,0
50,8,"No_Rep_ 100",0,0
50,8,"No_Rep_ 100",0,0
50,8,"No_Rep_ 100",0,0
50,8,"No_Rep_ 100",0,0
50,8,"No_Rep_ 100",0,0
50,8,"No_Rep_ 100",0,0
50,8,"No_Rep_ 100",0,0
50,8,"No_Rep_ 100",0,0
50,8,"No_Rep_ 100",0,0
50,8,"No_Rep_ 100",0,0
50,8,"No_Rep_ 100",0,0
50,8,"No_Rep_ 100",1,0.02
50,8,"No_Rep_ 100",0,0
50,8,"No_Rep_ 100",0,0
50,8,"No_Rep_ 100",0,0
50,8,"No_Rep_ 100",0,0
50,8,"No_Rep_ 100",0,0
50,8,"No_Rep_ 100",0,0
50,8,"No_Rep_ 100",0,0
50,8,"No_Rep_ 100",0,0
50,8,"No_Rep_ 100",0,0
50,8,"No_Rep_ 100",0,0
50,8,"No_Rep_ 100",0,0
50,8,"No_Rep_ 100",0,0
50,8,"No_Rep_ 100",0,0
50,8,"No_Rep_ 100",0,0
50,8,"No_Rep_ 100",0,0
50,8,"No_Rep_ 100",0,0
50,8,"No_Rep_ 100",0,0
50,8,"No_Rep_ 100",0,0
50,8,"No_Rep_ 100",0,0
50,8,"No_Rep_ 100",0,0
50,8,"No_Rep_ 100",0,0
50,8,"No_Rep_ 100",0,0
50,8,"No_Rep_ 100",0,0
50,8,"No_Rep_ 100",0,0
50,8,"No_Rep_ 100",0,0
50,8,"No_Rep_ 100",0,0
50,8,"No_Rep_ 100",0,0
50,8,"No_Rep_ 100",0,0
50,8,"No_Rep_ 100",0,0
50,8,"No_Rep_ 100",0,0
50,8,"No_Rep_ 100",0,0
50,8,"No_Rep_ 100",0,0
50,8,"No_Rep_ 100",0,0
50,8,"No_Rep_ 100",0,0
50,8,"No_Rep_ 100",0,0
50,8,"No_Rep_ 100",0,0
50,8,"No_Rep_ 100",0,0
50,8,"No_Rep_ 100",0,0
50,8,"No_Rep_ 100",1,0.02
50,8,"No_Rep_ 100",0,0
50,8,"No_Rep_ 100",0,0
50,8,"No_Rep_ 100",0,0
50,8,"No_Rep_ 100",0,0
100,1,"No_Rep_ 100",3,0.03
100,1,"No_Rep_ 100",7,0.07
100,1,"No_Rep_ 100",9,0.09
100,1,"No_Rep_ 100",4,0.04
100,1,"No_Rep_ 100",3,0.03
100,1,"No_Rep_ 100",8,0.08
100,1,"No_Rep_ 100",3,0.03
100,1,"No_Rep_ 100",18,0.18
100,1,"No_Rep_ 100",10,0.1
100,1,"No_Rep_ 100",2,0.02
100,1,"No_Rep_ 100",1,0.01
100,1,"No_Rep_ 100",14,0.14
100,1,"No_Rep_ 100",13,0.13
100,1,"No_Rep_ 100",7,0.07
100,1,"No_Rep_ 100",5,0.05
100,1,"No_Rep_ 100",9,0.09
100,1,"No_Rep_ 100",17,0.17
100,1,"No_Rep_ 100",1,0.01
100,1,"No_Rep_ 100",3,0.03
100,1,"No_Rep_ 100",3,0.03
100,1,"No_Rep_ 100",9,0.09
100,1,"No_Rep_ 100",3,0.03
100,1,"No_Rep_ 100",11,0.11
100,1,"No_Rep_ 100",26,0.26
100,1,"No_Rep_ 100",0,0
100,1,"No_Rep_ 100",2,0.02
100,1,"No_Rep_ 100",9,0.09
100,1,"No_Rep_ 100",0,0
100,1,"No_Rep_ 100",6,0.06
100,1,"No_Rep_ 100",0,0
100,1,"No_Rep_ 100",9,0.09
100,1,"No_Rep_ 100",3,0.03
100,1,"No_Rep_ 100",18,0.18
100,1,"No_Rep_ 100",5,0.05
100,1,"No_Rep_ 100",0,0
100,1,"No_Rep_ 100",3,0.03
100,1,"No_Rep_ 100",23,0.23
100,1,"No_Rep_ 100",0,0
100,1,"No_Rep_ 100",12,0.12
100,1,"No_Rep_ 100",15,0.15
100,1,"No_Rep_ 100",4,0.04
100,1,"No_Rep_ 100",8,0.08
100,1,"No_Rep_ 100",3,0.03
100,1,"No_Rep_ 100",7,0.07
100,1,"No_Rep_ 100",4,0.04
100,1,"No_Rep_ 100",2,0.02
100,1,"No_Rep_ 100",8,0.08
100,1,"No_Rep_ 100",2,0.02
100,1,"No_Rep_ 100",6,0.06
100,1,"No_Rep_ 100",8,0.08
100,1,"No_Rep_ 100",9,0.09
100,1,"No_Rep_ 100",11,0.11
100,1,"No_Rep_ 100",19,0.19
100,1,"No_Rep_ 100",7,0.07
100,1,"No_Rep_ 100",7,0.07
100,1,"No_Rep_ 100",9,0.09
100,1,"No_Rep_ 100",1,0.01
100,1,"No_Rep_ 100",13,0.13
100,1,"No_Rep_ 100",9,0.09
100,1,"No_Rep_ 100",10,0.1
100,1,"No_Rep_ 100",1,0.01
100,1,"No_Rep_ 100",9,0.09
100,1,"No_Rep_ 100",17,0.17
100,1,"No_Rep_ 100",11,0.11
100,1,"No_Rep_ 100",6,0.06
100,1,"No_Rep_ 100",1,0.01
100,1,"No_Rep_ 100",0,0
100,1,"No_Rep_ 100",6,0.06
100,1,"No_Rep_ 100",13,0.13
100,1,"No_Rep_ 100",0,0
100,1,"No_Rep_ 100",0,0
100,1,"No_Rep_ 100",6,0.06
100,1,"No_Rep_ 100",7,0.07
100,1,"No_Rep_ 100",1,0.01
100,1,"No_Rep_ 100",1,0.01
100,1,"No_Rep_ 100",3,0.03
100,1,"No_Rep_ 100",5,0.05
100,1,"No_Rep_ 100",6,0.06
100,1,"No_Rep_ 100",5,0.05
100,1,"No_Rep_ 100",1,0.01
100,1,"No_Rep_ 100",9,0.09
100,1,"No_Rep_ 100",0,0
100,1,"No_Rep_ 100",8,0.08
100,1,"No_Rep_ 100",4,0.04
100,1,"No_Rep_ 100",3,0.03
100,1,"No_Rep_ 100",4,0.04
100,1,"No_Rep_ 100",0,0
100,1,"No_Rep_ 100",9,0.09
100,1,"No_Rep_ 100",15,0.15
100,1,"No_Rep_ 100",17,0.17
100,1,"No_Rep_ 100",6,0.06
100,1,"No_Rep_ 100",3,0.03
100,1,"No_Rep_ 100",2,0.02
100,1,"No_Rep_ 100",3,0.03
100,1,"No_Rep_ 100",0,0
100,1,"No_Rep_ 100",7,0.07
100,1,"No_Rep_ 100",9,0.09
100,1,"No_Rep_ 100",14,0.14
100,1,"No_Rep_ 100",23,0.23
100,1,"No_Rep_ 100",21,0.21
100,2,"No_Rep_ 100",1,0.01
100,2,"No_Rep_ 100",0,0
100,2,"No_Rep_ 100",0,0
100,2,"No_Rep_ 100",1,0.01
100,2,"No_Rep_ 100",1,0.01
100,2,"No_Rep_ 100",2,0.02
100,2,"No_Rep_ 100",0,0
100,2,"No_Rep_ 100",1,0.01
100,2,"No_Rep_ 100",1,0.01
100,2,"No_Rep_ 100",2,0.02
100,2,"No_Rep_ 100",1,0.01
100,2,"No_Rep_ 100",0,0
100,2,"No_Rep_ 100",1,0.01
100,2,"No_Rep_ 100",0,0
100,2,"No_Rep_ 100",2,0.02
100,2,"No_Rep_ 100",3,0.03
100,2,"No_Rep_ 100",0,0
100,2,"No_Rep_ 100",1,0.01
100,2,"No_Rep_ 100",2,0.02
100,2,"No_Rep_ 100",0,0
100,2,"No_Rep_ 100",0,0
100,2,"No_Rep_ 100",3,0.03
100,2,"No_Rep_ 100",1,0.01
100,2,"No_Rep_ 100",7,0.07
100,2,"No_Rep_ 100",1,0.01
100,2,"No_Rep_ 100",2,0.02
100,2,"No_Rep_ 100",2,0.02
100,2,"No_Rep_ 100",2,0.02
100,2,"No_Rep_ 100",1,0.01
100,2,"No_Rep_ 100",2,0.02
100,2,"No_Rep_ 100",0,0
100,2,"No_Rep_ 100",0,0
100,2,"No_Rep_ 100",2,0.02
100,2,"No_Rep_ 100",4,0.04
100,2,"No_Rep_ 100",2,0.02
100,2,"No_Rep_ 100",0,0
100,2,"No_Rep_ 100",0,0
100,2,"No_Rep_ 100",0,0
100,2,"No_Rep_ 100",2,0.02
100,2,"No_Rep_ 100",1,0.01
100,2,"No_Rep_ 100",1,0.01
100,2,"No_Rep_ 100",0,0
100,2,"No_Rep_ 100",0,0
100,2,"No_Rep_ 100",4,0.04
100,2,"No_Rep_ 100",1,0.01
100,2,"No_Rep_ 100",1,0.01
100,2,"No_Rep_ 100",0,0
100,2,"No_Rep_ 100",0,0
100,2,"No_Rep_ 100",5,0.05
100,2,"No_Rep_ 100",2,0.02
100,2,"No_Rep_ 100",0,0
100,2,"No_Rep_ 100",3,0.03
100,2,"No_Rep_ 100",0,0
100,2,"No_Rep_ 100",0,0
100,2,"No_Rep_ 100",4,0.04
100,2,"No_Rep_ 100",0,0
100,2,"No_Rep_ 100",0,0
100,2,"No_Rep_ 100",0,0
100,2,"No_Rep_ 100",2,0.02
100,2,"No_Rep_ 100",4,0.04
100,2,"No_Rep_ 100",1,0.01
100,2,"No_Rep_ 100",0,0
100,2,"No_Rep_ 100",2,0.02
100,2,"No_Rep_ 100",0,0
100,2,"No_Rep_ 100",4,0.04
100,2,"No_Rep_ 100",4,0.04
100,2,"No_Rep_ 100",0,0
100,2,"No_Rep_ 100",4,0.04
100,2,"No_Rep_ 100",6,0.06
100,2,"No_Rep_ 100",1,0.01
100,2,"No_Rep_ 100",1,0.01
100,2,"No_Rep_ 100",0,0
100,2,"No_Rep_ 100",2,0.02
100,2,"No_Rep_ 100",3,0.03
100,2,"No_Rep_ 100",2,0.02
100,2,"No_Rep_ 100",1,0.01
100,2,"No_Rep_ 100",4,0.04
100,2,"No_Rep_ 100",0,0
100,2,"No_Rep_ 100",1,0.01
100,2,"No_Rep_ 100",0,0
100,2,"No_Rep_ 100",1,0.01
100,2,"No_Rep_ 100",2,0.02
100,2,"No_Rep_ 100",1,0.01
100,2,"No_Rep_ 100",3,0.03
100,2,"No_Rep_ 100",0,0
100,2,"No_Rep_ 100",0,0
100,2,"No_Rep_ 100",1,0.01
100,2,"No_Rep_ 100",0,0
100,2,"No_Rep_ 100",0,0
100,2,"No_Rep_ 100",0,0
100,2,"No_Rep_ 100",2,0.02
100,2,"No_Rep_ 100",0,0
100,2,"No_Rep_ 100",2,0.02
100,2,"No_Rep_ 100",0,0
100,2,"No_Rep_ 100",1,0.01
100,2,"No_Rep_ 100",0,0
100,2,"No_Rep_ 100",0,0
100,2,"No_Rep_ 100",0,0
100,2,"No_Rep_ 100",4,0.04
100,2,"No_Rep_ 100",1,0.01
100,3,"No_Rep_ 100",0,0
100,3,"No_Rep_ 100",0,0
100,3,"No_Rep_ 100",0,0
100,3,"No_Rep_ 100",0,0
100,3,"No_Rep_ 100",0,0
100,3,"No_Rep_ 100",1,0.01
100,3,"No_Rep_ 100",0,0
100,3,"No_Rep_ 100",0,0
100,3,"No_Rep_ 100",3,0.03
100,3,"No_Rep_ 100",0,0
100,3,"No_Rep_ 100",0,0
100,3,"No_Rep_ 100",1,0.01
100,3,"No_Rep_ 100",0,0
100,3,"No_Rep_ 100",0,0
100,3,"No_Rep_ 100",0,0
100,3,"No_Rep_ 100",0,0
100,3,"No_Rep_ 100",0,0
100,3,"No_Rep_ 100",1,0.01
100,3,"No_Rep_ 100",1,0.01
100,3,"No_Rep_ 100",0,0
100,3,"No_Rep_ 100",1,0.01
100,3,"No_Rep_ 100",1,0.01
100,3,"No_Rep_ 100",0,0
100,3,"No_Rep_ 100",1,0.01
100,3,"No_Rep_ 100",0,0
100,3,"No_Rep_ 100",0,0
100,3,"No_Rep_ 100",1,0.01
100,3,"No_Rep_ 100",0,0
100,3,"No_Rep_ 100",3,0.03
100,3,"No_Rep_ 100",0,0
100,3,"No_Rep_ 100",1,0.01
100,3,"No_Rep_ 100",1,0.01
100,3,"No_Rep_ 100",0,0
100,3,"No_Rep_ 100",1,0.01
100,3,"No_Rep_ 100",0,0
100,3,"No_Rep_ 100",0,0
100,3,"No_Rep_ 100",0,0
100,3,"No_Rep_ 100",0,0
100,3,"No_Rep_ 100",0,0
100,3,"No_Rep_ 100",0,0
100,3,"No_Rep_ 100",0,0
100,3,"No_Rep_ 100",0,0
100,3,"No_Rep_ 100",1,0.01
100,3,"No_Rep_ 100",0,0
100,3,"No_Rep_ 100",0,0
100,3,"No_Rep_ 100",0,0
100,3,"No_Rep_ 100",0,0
100,3,"No_Rep_ 100",0,0
100,3,"No_Rep_ 100",0,0
100,3,"No_Rep_ 100",0,0
100,3,"No_Rep_ 100",0,0
100,3,"No_Rep_ 100",0,0
100,3,"No_Rep_ 100",1,0.01
100,3,"No_Rep_ 100",0,0
100,3,"No_Rep_ 100",1,0.01
100,3,"No_Rep_ 100",0,0
100,3,"No_Rep_ 100",1,0.01
100,3,"No_Rep_ 100",0,0
100,3,"No_Rep_ 100",0,0
100,3,"No_Rep_ 100",0,0
100,3,"No_Rep_ 100",0,0
100,3,"No_Rep_ 100",1,0.01
100,3,"No_Rep_ 100",1,0.01
100,3,"No_Rep_ 100",1,0.01
100,3,"No_Rep_ 100",0,0
100,3,"No_Rep_ 100",0,0
100,3,"No_Rep_ 100",1,0.01
100,3,"No_Rep_ 100",3,0.03
100,3,"No_Rep_ 100",0,0
100,3,"No_Rep_ 100",0,0
100,3,"No_Rep_ 100",0,0
100,3,"No_Rep_ 100",1,0.01
100,3,"No_Rep_ 100",2,0.02
100,3,"No_Rep_ 100",2,0.02
100,3,"No_Rep_ 100",0,0
100,3,"No_Rep_ 100",0,0
100,3,"No_Rep_ 100",0,0
100,3,"No_Rep_ 100",1,0.01
100,3,"No_Rep_ 100",2,0.02
100,3,"No_Rep_ 100",0,0
100,3,"No_Rep_ 100",0,0
100,3,"No_Rep_ 100",2,0.02
100,3,"No_Rep_ 100",2,0.02
100,3,"No_Rep_ 100",0,0
100,3,"No_Rep_ 100",1,0.01
100,3,"No_Rep_ 100",0,0
100,3,"No_Rep_ 100",0,0
100,3,"No_Rep_ 100",2,0.02
100,3,"No_Rep_ 100",0,0
100,3,"No_Rep_ 100",1,0.01
100,3,"No_Rep_ 100",0,0
100,3,"No_Rep_ 100",1,0.01
100,3,"No_Rep_ 100",0,0
100,3,"No_Rep_ 100",0,0
100,3,"No_Rep_ 100",0,0
100,3,"No_Rep_ 100",0,0
100,3,"No_Rep_ 100",1,0.01
100,3,"No_Rep_ 100",1,0.01
100,3,"No_Rep_ 100",0,0
100,3,"No_Rep_ 100",0,0
100,4,"No_Rep_ 100",0,0
100,4,"No_Rep_ 100",1,0.01
100,4,"No_Rep_ 100",1,0.01
100,4,"No_Rep_ 100",0,0
100,4,"No_Rep_ 100",0,0
100,4,"No_Rep_ 100",0,0
100,4,"No_Rep_ 100",0,0
100,4,"No_Rep_ 100",0,0
100,4,"No_Rep_ 100",0,0
100,4,"No_Rep_ 100",0,0
100,4,"No_Rep_ 100",0,0
100,4,"No_Rep_ 100",0,0
100,4,"No_Rep_ 100",0,0
100,4,"No_Rep_ 100",0,0
100,4,"No_Rep_ 100",0,0
100,4,"No_Rep_ 100",0,0
100,4,"No_Rep_ 100",0,0
100,4,"No_Rep_ 100",0,0
100,4,"No_Rep_ 100",0,0
100,4,"No_Rep_ 100",0,0
100,4,"No_Rep_ 100",0,0
100,4,"No_Rep_ 100",0,0
100,4,"No_Rep_ 100",1,0.01
100,4,"No_Rep_ 100",0,0
100,4,"No_Rep_ 100",0,0
100,4,"No_Rep_ 100",0,0
100,4,"No_Rep_ 100",0,0
100,4,"No_Rep_ 100",0,0
100,4,"No_Rep_ 100",0,0
100,4,"No_Rep_ 100",1,0.01
100,4,"No_Rep_ 100",0,0
100,4,"No_Rep_ 100",0,0
100,4,"No_Rep_ 100",3,0.03
100,4,"No_Rep_ 100",2,0.02
100,4,"No_Rep_ 100",0,0
100,4,"No_Rep_ 100",0,0
100,4,"No_Rep_ 100",1,0.01
100,4,"No_Rep_ 100",0,0
100,4,"No_Rep_ 100",1,0.01
100,4,"No_Rep_ 100",0,0
100,4,"No_Rep_ 100",0,0
100,4,"No_Rep_ 100",0,0
100,4,"No_Rep_ 100",0,0
100,4,"No_Rep_ 100",0,0
100,4,"No_Rep_ 100",0,0
100,4,"No_Rep_ 100",0,0
100,4,"No_Rep_ 100",0,0
100,4,"No_Rep_ 100",0,0
100,4,"No_Rep_ 100",0,0
100,4,"No_Rep_ 100",0,0
100,4,"No_Rep_ 100",0,0
100,4,"No_Rep_ 100",0,0
100,4,"No_Rep_ 100",0,0
100,4,"No_Rep_ 100",0,0
100,4,"No_Rep_ 100",0,0
100,4,"No_Rep_ 100",0,0
100,4,"No_Rep_ 100",0,0
100,4,"No_Rep_ 100",0,0
100,4,"No_Rep_ 100",0,0
100,4,"No_Rep_ 100",0,0
100,4,"No_Rep_ 100",0,0
100,4,"No_Rep_ 100",0,0
100,4,"No_Rep_ 100",0,0
100,4,"No_Rep_ 100",0,0
100,4,"No_Rep_ 100",2,0.02
100,4,"No_Rep_ 100",0,0
100,4,"No_Rep_ 100",0,0
100,4,"No_Rep_ 100",0,0
100,4,"No_Rep_ 100",0,0
100,4,"No_Rep_ 100",1,0.01
100,4,"No_Rep_ 100",0,0
100,4,"No_Rep_ 100",0,0
100,4,"No_Rep_ 100",0,0
100,4,"No_Rep_ 100",0,0
100,4,"No_Rep_ 100",0,0
100,4,"No_Rep_ 100",0,0
100,4,"No_Rep_ 100",0,0
100,4,"No_Rep_ 100",0,0
100,4,"No_Rep_ 100",0,0
100,4,"No_Rep_ 100",0,0
100,4,"No_Rep_ 100",0,0
100,4,"No_Rep_ 100",1,0.01
100,4,"No_Rep_ 100",0,0
100,4,"No_Rep_ 100",0,0
100,4,"No_Rep_ 100",0,0
100,4,"No_Rep_ 100",0,0
100,4,"No_Rep_ 100",0,0
100,4,"No_Rep_ 100",0,0
100,4,"No_Rep_ 100",0,0
100,4,"No_Rep_ 100",0,0
100,4,"No_Rep_ 100",0,0
100,4,"No_Rep_ 100",0,0
100,4,"No_Rep_ 100",0,0
100,4,"No_Rep_ 100",0,0
100,4,"No_Rep_ 100",0,0
100,4,"No_Rep_ 100",0,0
100,4,"No_Rep_ 100",1,0.01
100,4,"No_Rep_ 100",0,0
100,4,"No_Rep_ 100",1,0.01
100,4,"No_Rep_ 100",0,0
100,5,"No_Rep_ 100",0,0
100,5,"No_Rep_ 100",0,0
100,5,"No_Rep_ 100",0,0
100,5,"No_Rep_ 100",0,0
100,5,"No_Rep_ 100",0,0
100,5,"No_Rep_ 100",0,0
100,5,"No_Rep_ 100",0,0
100,5,"No_Rep_ 100",0,0
100,5,"No_Rep_ 100",0,0
100,5,"No_Rep_ 100",1,0.01
100,5,"No_Rep_ 100",0,0
100,5,"No_Rep_ 100",0,0
100,5,"No_Rep_ 100",0,0
100,5,"No_Rep_ 100",0,0
100,5,"No_Rep_ 100",0,0
100,5,"No_Rep_ 100",0,0
100,5,"No_Rep_ 100",0,0
100,5,"No_Rep_ 100",0,0
100,5,"No_Rep_ 100",0,0
100,5,"No_Rep_ 100",1,0.01
100,5,"No_Rep_ 100",1,0.01
100,5,"No_Rep_ 100",0,0
100,5,"No_Rep_ 100",0,0
100,5,"No_Rep_ 100",0,0
100,5,"No_Rep_ 100",0,0
100,5,"No_Rep_ 100",0,0
100,5,"No_Rep_ 100",0,0
100,5,"No_Rep_ 100",1,0.01
100,5,"No_Rep_ 100",0,0
100,5,"No_Rep_ 100",0,0
100,5,"No_Rep_ 100",1,0.01
100,5,"No_Rep_ 100",0,0
100,5,"No_Rep_ 100",0,0
100,5,"No_Rep_ 100",0,0
100,5,"No_Rep_ 100",0,0
100,5,"No_Rep_ 100",0,0
100,5,"No_Rep_ 100",0,0
100,5,"No_Rep_ 100",0,0
100,5,"No_Rep_ 100",0,0
100,5,"No_Rep_ 100",0,0
100,5,"No_Rep_ 100",0,0
100,5,"No_Rep_ 100",0,0
100,5,"No_Rep_ 100",0,0
100,5,"No_Rep_ 100",0,0
100,5,"No_Rep_ 100",0,0
100,5,"No_Rep_ 100",0,0
100,5,"No_Rep_ 100",0,0
100,5,"No_Rep_ 100",0,0
100,5,"No_Rep_ 100",0,0
100,5,"No_Rep_ 100",0,0
100,5,"No_Rep_ 100",0,0
100,5,"No_Rep_ 100",0,0
100,5,"No_Rep_ 100",0,0
100,5,"No_Rep_ 100",1,0.01
100,5,"No_Rep_ 100",0,0
100,5,"No_Rep_ 100",0,0
100,5,"No_Rep_ 100",0,0
100,5,"No_Rep_ 100",0,0
100,5,"No_Rep_ 100",1,0.01
100,5,"No_Rep_ 100",0,0
100,5,"No_Rep_ 100",1,0.01
100,5,"No_Rep_ 100",0,0
100,5,"No_Rep_ 100",0,0
100,5,"No_Rep_ 100",0,0
100,5,"No_Rep_ 100",0,0
100,5,"No_Rep_ 100",0,0
100,5,"No_Rep_ 100",0,0
100,5,"No_Rep_ 100",0,0
100,5,"No_Rep_ 100",0,0
100,5,"No_Rep_ 100",1,0.01
100,5,"No_Rep_ 100",1,0.01
100,5,"No_Rep_ 100",0,0
100,5,"No_Rep_ 100",0,0
100,5,"No_Rep_ 100",1,0.01
100,5,"No_Rep_ 100",0,0
100,5,"No_Rep_ 100",0,0
100,5,"No_Rep_ 100",0,0
100,5,"No_Rep_ 100",0,0
100,5,"No_Rep_ 100",0,0
100,5,"No_Rep_ 100",1,0.01
100,5,"No_Rep_ 100",0,0
100,5,"No_Rep_ 100",0,0
100,5,"No_Rep_ 100",1,0.01
100,5,"No_Rep_ 100",0,0
100,5,"No_Rep_ 100",0,0
100,5,"No_Rep_ 100",0,0
100,5,"No_Rep_ 100",0,0
100,5,"No_Rep_ 100",0,0
100,5,"No_Rep_ 100",0,0
100,5,"No_Rep_ 100",0,0
100,5,"No_Rep_ 100",1,0.01
100,5,"No_Rep_ 100",0,0
100,5,"No_Rep_ 100",1,0.01
100,5,"No_Rep_ 100",0,0
100,5,"No_Rep_ 100",0,0
100,5,"No_Rep_ 100",0,0
100,5,"No_Rep_ 100",0,0
100,5,"No_Rep_ 100",0,0
100,5,"No_Rep_ 100",0,0
100,5,"No_Rep_ 100",0,0
100,6,"No_Rep_ 100",0,0
100,6,"No_Rep_ 100",0,0
100,6,"No_Rep_ 100",0,0
100,6,"No_Rep_ 100",0,0
100,6,"No_Rep_ 100",0,0
100,6,"No_Rep_ 100",0,0
100,6,"No_Rep_ 100",0,0
100,6,"No_Rep_ 100",0,0
100,6,"No_Rep_ 100",0,0
100,6,"No_Rep_ 100",0,0
100,6,"No_Rep_ 100",2,0.02
100,6,"No_Rep_ 100",0,0
100,6,"No_Rep_ 100",0,0
100,6,"No_Rep_ 100",0,0
100,6,"No_Rep_ 100",0,0
100,6,"No_Rep_ 100",0,0
100,6,"No_Rep_ 100",0,0
100,6,"No_Rep_ 100",0,0
100,6,"No_Rep_ 100",0,0
100,6,"No_Rep_ 100",1,0.01
100,6,"No_Rep_ 100",0,0
100,6,"No_Rep_ 100",0,0
100,6,"No_Rep_ 100",0,0
100,6,"No_Rep_ 100",1,0.01
100,6,"No_Rep_ 100",0,0
100,6,"No_Rep_ 100",0,0
100,6,"No_Rep_ 100",1,0.01
100,6,"No_Rep_ 100",0,0
100,6,"No_Rep_ 100",0,0
100,6,"No_Rep_ 100",0,0
100,6,"No_Rep_ 100",0,0
100,6,"No_Rep_ 100",0,0
100,6,"No_Rep_ 100",0,0
100,6,"No_Rep_ 100",0,0
100,6,"No_Rep_ 100",0,0
100,6,"No_Rep_ 100",0,0
100,6,"No_Rep_ 100",0,0
100,6,"No_Rep_ 100",0,0
100,6,"No_Rep_ 100",0,0
100,6,"No_Rep_ 100",0,0
100,6,"No_Rep_ 100",1,0.01
100,6,"No_Rep_ 100",0,0
100,6,"No_Rep_ 100",0,0
100,6,"No_Rep_ 100",0,0
100,6,"No_Rep_ 100",0,0
100,6,"No_Rep_ 100",0,0
100,6,"No_Rep_ 100",0,0
100,6,"No_Rep_ 100",0,0
100,6,"No_Rep_ 100",0,0
100,6,"No_Rep_ 100",0,0
100,6,"No_Rep_ 100",0,0
100,6,"No_Rep_ 100",0,0
100,6,"No_Rep_ 100",0,0
100,6,"No_Rep_ 100",0,0
100,6,"No_Rep_ 100",0,0
100,6,"No_Rep_ 100",0,0
100,6,"No_Rep_ 100",0,0
100,6,"No_Rep_ 100",0,0
100,6,"No_Rep_ 100",0,0
100,6,"No_Rep_ 100",1,0.01
100,6,"No_Rep_ 100",0,0
100,6,"No_Rep_ 100",0,0
100,6,"No_Rep_ 100",0,0
100,6,"No_Rep_ 100",1,0.01
100,6,"No_Rep_ 100",0,0
100,6,"No_Rep_ 100",0,0
100,6,"No_Rep_ 100",0,0
100,6,"No_Rep_ 100",0,0
100,6,"No_Rep_ 100",0,0
100,6,"No_Rep_ 100",0,0
100,6,"No_Rep_ 100",0,0
100,6,"No_Rep_ 100",1,0.01
100,6,"No_Rep_ 100",0,0
100,6,"No_Rep_ 100",0,0
100,6,"No_Rep_ 100",0,0
100,6,"No_Rep_ 100",0,0
100,6,"No_Rep_ 100",0,0
100,6,"No_Rep_ 100",0,0
100,6,"No_Rep_ 100",0,0
100,6,"No_Rep_ 100",0,0
100,6,"No_Rep_ 100",0,0
100,6,"No_Rep_ 100",0,0
100,6,"No_Rep_ 100",0,0
100,6,"No_Rep_ 100",0,0
100,6,"No_Rep_ 100",0,0
100,6,"No_Rep_ 100",0,0
100,6,"No_Rep_ 100",1,0.01
100,6,"No_Rep_ 100",0,0
100,6,"No_Rep_ 100",1,0.01
100,6,"No_Rep_ 100",0,0
100,6,"No_Rep_ 100",0,0
100,6,"No_Rep_ 100",0,0
100,6,"No_Rep_ 100",0,0
100,6,"No_Rep_ 100",0,0
100,6,"No_Rep_ 100",0,0
100,6,"No_Rep_ 100",0,0
100,6,"No_Rep_ 100",0,0
100,6,"No_Rep_ 100",0,0
100,6,"No_Rep_ 100",0,0
100,6,"No_Rep_ 100",0,0
100,7,"No_Rep_ 100",0,0
100,7,"No_Rep_ 100",0,0
100,7,"No_Rep_ 100",0,0
100,7,"No_Rep_ 100",0,0
100,7,"No_Rep_ 100",0,0
100,7,"No_Rep_ 100",0,0
100,7,"No_Rep_ 100",0,0
100,7,"No_Rep_ 100",0,0
100,7,"No_Rep_ 100",0,0
100,7,"No_Rep_ 100",0,0
100,7,"No_Rep_ 100",0,0
100,7,"No_Rep_ 100",0,0
100,7,"No_Rep_ 100",0,0
100,7,"No_Rep_ 100",0,0
100,7,"No_Rep_ 100",0,0
100,7,"No_Rep_ 100",0,0
100,7,"No_Rep_ 100",0,0
100,7,"No_Rep_ 100",0,0
100,7,"No_Rep_ 100",0,0
100,7,"No_Rep_ 100",0,0
100,7,"No_Rep_ 100",0,0
100,7,"No_Rep_ 100",0,0
100,7,"No_Rep_ 100",0,0
100,7,"No_Rep_ 100",0,0
100,7,"No_Rep_ 100",1,0.01
100,7,"No_Rep_ 100",1,0.01
100,7,"No_Rep_ 100",0,0
100,7,"No_Rep_ 100",0,0
100,7,"No_Rep_ 100",0,0
100,7,"No_Rep_ 100",0,0
100,7,"No_Rep_ 100",0,0
100,7,"No_Rep_ 100",0,0
100,7,"No_Rep_ 100",0,0
100,7,"No_Rep_ 100",0,0
100,7,"No_Rep_ 100",0,0
100,7,"No_Rep_ 100",0,0
100,7,"No_Rep_ 100",0,0
100,7,"No_Rep_ 100",1,0.01
100,7,"No_Rep_ 100",0,0
100,7,"No_Rep_ 100",0,0
100,7,"No_Rep_ 100",0,0
100,7,"No_Rep_ 100",0,0
100,7,"No_Rep_ 100",0,0
100,7,"No_Rep_ 100",0,0
100,7,"No_Rep_ 100",0,0
100,7,"No_Rep_ 100",0,0
100,7,"No_Rep_ 100",0,0
100,7,"No_Rep_ 100",0,0
100,7,"No_Rep_ 100",1,0.01
100,7,"No_Rep_ 100",0,0
100,7,"No_Rep_ 100",0,0
100,7,"No_Rep_ 100",0,0
100,7,"No_Rep_ 100",0,0
100,7,"No_Rep_ 100",0,0
100,7,"No_Rep_ 100",0,0
100,7,"No_Rep_ 100",0,0
100,7,"No_Rep_ 100",0,0
100,7,"No_Rep_ 100",0,0
100,7,"No_Rep_ 100",0,0
100,7,"No_Rep_ 100",0,0
100,7,"No_Rep_ 100",1,0.01
100,7,"No_Rep_ 100",0,0
100,7,"No_Rep_ 100",0,0
100,7,"No_Rep_ 100",0,0
100,7,"No_Rep_ 100",0,0
100,7,"No_Rep_ 100",0,0
100,7,"No_Rep_ 100",0,0
100,7,"No_Rep_ 100",1,0.01
100,7,"No_Rep_ 100",0,0
100,7,"No_Rep_ 100",0,0
100,7,"No_Rep_ 100",0,0
100,7,"No_Rep_ 100",0,0
100,7,"No_Rep_ 100",0,0
100,7,"No_Rep_ 100",0,0
100,7,"No_Rep_ 100",0,0
100,7,"No_Rep_ 100",0,0
100,7,"No_Rep_ 100",0,0
100,7,"No_Rep_ 100",0,0
100,7,"No_Rep_ 100",0,0
100,7,"No_Rep_ 100",1,0.01
100,7,"No_Rep_ 100",0,0
100,7,"No_Rep_ 100",1,0.01
100,7,"No_Rep_ 100",0,0
100,7,"No_Rep_ 100",0,0
100,7,"No_Rep_ 100",0,0
100,7,"No_Rep_ 100",0,0
100,7,"No_Rep_ 100",0,0
100,7,"No_Rep_ 100",0,0
100,7,"No_Rep_ 100",0,0
100,7,"No_Rep_ 100",0,0
100,7,"No_Rep_ 100",0,0
100,7,"No_Rep_ 100",0,0
100,7,"No_Rep_ 100",0,0
100,7,"No_Rep_ 100",1,0.01
100,7,"No_Rep_ 100",0,0
100,7,"No_Rep_ 100",0,0
100,7,"No_Rep_ 100",0,0
100,7,"No_Rep_ 100",1,0.01
100,7,"No_Rep_ 100",0,0
100,7,"No_Rep_ 100",2,0.02
100,8,"No_Rep_ 100",0,0
100,8,"No_Rep_ 100",0,0
100,8,"No_Rep_ 100",0,0
100,8,"No_Rep_ 100",0,0
100,8,"No_Rep_ 100",0,0
100,8,"No_Rep_ 100",0,0
100,8,"No_Rep_ 100",0,0
100,8,"No_Rep_ 100",1,0.01
100,8,"No_Rep_ 100",0,0
100,8,"No_Rep_ 100",0,0
100,8,"No_Rep_ 100",0,0
100,8,"No_Rep_ 100",0,0
100,8,"No_Rep_ 100",0,0
100,8,"No_Rep_ 100",0,0
100,8,"No_Rep_ 100",0,0
100,8,"No_Rep_ 100",0,0
100,8,"No_Rep_ 100",0,0
100,8,"No_Rep_ 100",0,0
100,8,"No_Rep_ 100",0,0
100,8,"No_Rep_ 100",0,0
100,8,"No_Rep_ 100",0,0
100,8,"No_Rep_ 100",0,0
100,8,"No_Rep_ 100",0,0
100,8,"No_Rep_ 100",0,0
100,8,"No_Rep_ 100",0,0
100,8,"No_Rep_ 100",0,0
100,8,"No_Rep_ 100",0,0
100,8,"No_Rep_ 100",0,0
100,8,"No_Rep_ 100",0,0
100,8,"No_Rep_ 100",0,0
100,8,"No_Rep_ 100",0,0
100,8,"No_Rep_ 100",0,0
100,8,"No_Rep_ 100",0,0
100,8,"No_Rep_ 100",0,0
100,8,"No_Rep_ 100",0,0
100,8,"No_Rep_ 100",0,0
100,8,"No_Rep_ 100",0,0
100,8,"No_Rep_ 100",0,0
100,8,"No_Rep_ 100",0,0
100,8,"No_Rep_ 100",0,0
100,8,"No_Rep_ 100",0,0
100,8,"No_Rep_ 100",0,0
100,8,"No_Rep_ 100",0,0
100,8,"No_Rep_ 100",0,0
100,8,"No_Rep_ 100",0,0
100,8,"No_Rep_ 100",0,0
100,8,"No_Rep_ 100",0,0
100,8,"No_Rep_ 100",0,0
100,8,"No_Rep_ 100",0,0
100,8,"No_Rep_ 100",0,0
100,8,"No_Rep_ 100",0,0
100,8,"No_Rep_ 100",0,0
100,8,"No_Rep_ 100",0,0
100,8,"No_Rep_ 100",0,0
100,8,"No_Rep_ 100",0,0
100,8,"No_Rep_ 100",0,0
100,8,"No_Rep_ 100",1,0.01
100,8,"No_Rep_ 100",0,0
100,8,"No_Rep_ 100",0,0
100,8,"No_Rep_ 100",0,0
100,8,"No_Rep_ 100",1,0.01
100,8,"No_Rep_ 100",1,0.01
100,8,"No_Rep_ 100",0,0
100,8,"No_Rep_ 100",0,0
100,8,"No_Rep_ 100",0,0
100,8,"No_Rep_ 100",0,0
100,8,"No_Rep_ 100",0,0
100,8,"No_Rep_ 100",0,0
100,8,"No_Rep_ 100",0,0
100,8,"No_Rep_ 100",0,0
100,8,"No_Rep_ 100",0,0
100,8,"No_Rep_ 100",0,0
100,8,"No_Rep_ 100",0,0
100,8,"No_Rep_ 100",0,0
100,8,"No_Rep_ 100",0,0
100,8,"No_Rep_ 100",0,0
100,8,"No_Rep_ 100",0,0
100,8,"No_Rep_ 100",0,0
100,8,"No_Rep_ 100",0,0
100,8,"No_Rep_ 100",0,0
100,8,"No_Rep_ 100",0,0
100,8,"No_Rep_ 100",0,0
100,8,"No_Rep_ 100",0,0
100,8,"No_Rep_ 100",0,0
100,8,"No_Rep_ 100",0,0
100,8,"No_Rep_ 100",0,0
100,8,"No_Rep_ 100",0,0
100,8,"No_Rep_ 100",0,0
100,8,"No_Rep_ 100",0,0
100,8,"No_Rep_ 100",0,0
100,8,"No_Rep_ 100",0,0
100,8,"No_Rep_ 100",0,0
100,8,"No_Rep_ 100",0,0
100,8,"No_Rep_ 100",0,0
100,8,"No_Rep_ 100",0,0
100,8,"No_Rep_ 100",0,0
100,8,"No_Rep_ 100",0,0
100,8,"No_Rep_ 100",0,0
100,8,"No_Rep_ 100",0,0
100,8,"No_Rep_ 100",0,0
200,1,"No_Rep_ 100",0,0
200,1,"No_Rep_ 100",10,0.05
200,1,"No_Rep_ 100",5,0.025
200,1,"No_Rep_ 100",4,0.02
200,1,"No_Rep_ 100",23,0.115
200,1,"No_Rep_ 100",15,0.075
200,1,"No_Rep_ 100",8,0.04
200,1,"No_Rep_ 100",0,0
200,1,"No_Rep_ 100",18,0.09
200,1,"No_Rep_ 100",25,0.125
200,1,"No_Rep_ 100",4,0.02
200,1,"No_Rep_ 100",16,0.08
200,1,"No_Rep_ 100",20,0.1
200,1,"No_Rep_ 100",16,0.08
200,1,"No_Rep_ 100",12,0.06
200,1,"No_Rep_ 100",13,0.065
200,1,"No_Rep_ 100",14,0.07
200,1,"No_Rep_ 100",4,0.02
200,1,"No_Rep_ 100",16,0.08
200,1,"No_Rep_ 100",24,0.12
200,1,"No_Rep_ 100",17,0.085
200,1,"No_Rep_ 100",4,0.02
200,1,"No_Rep_ 100",1,0.005
200,1,"No_Rep_ 100",9,0.045
200,1,"No_Rep_ 100",11,0.055
200,1,"No_Rep_ 100",7,0.035
200,1,"No_Rep_ 100",9,0.045
200,1,"No_Rep_ 100",3,0.015
200,1,"No_Rep_ 100",2,0.01
200,1,"No_Rep_ 100",8,0.04
200,1,"No_Rep_ 100",2,0.01
200,1,"No_Rep_ 100",2,0.01
200,1,"No_Rep_ 100",12,0.06
200,1,"No_Rep_ 100",6,0.03
200,1,"No_Rep_ 100",23,0.115
200,1,"No_Rep_ 100",15,0.075
200,1,"No_Rep_ 100",13,0.065
200,1,"No_Rep_ 100",12,0.06
200,1,"No_Rep_ 100",7,0.035
200,1,"No_Rep_ 100",27,0.135
200,1,"No_Rep_ 100",3,0.015
200,1,"No_Rep_ 100",16,0.08
200,1,"No_Rep_ 100",18,0.09
200,1,"No_Rep_ 100",13,0.065
200,1,"No_Rep_ 100",3,0.015
200,1,"No_Rep_ 100",1,0.005
200,1,"No_Rep_ 100",25,0.125
200,1,"No_Rep_ 100",4,0.02
200,1,"No_Rep_ 100",5,0.025
200,1,"No_Rep_ 100",13,0.065
200,1,"No_Rep_ 100",18,0.09
200,1,"No_Rep_ 100",15,0.075
200,1,"No_Rep_ 100",19,0.095
200,1,"No_Rep_ 100",0,0
200,1,"No_Rep_ 100",2,0.01
200,1,"No_Rep_ 100",7,0.035
200,1,"No_Rep_ 100",8,0.04
200,1,"No_Rep_ 100",1,0.005
200,1,"No_Rep_ 100",0,0
200,1,"No_Rep_ 100",12,0.06
200,1,"No_Rep_ 100",8,0.04
200,1,"No_Rep_ 100",10,0.05
200,1,"No_Rep_ 100",0,0
200,1,"No_Rep_ 100",15,0.075
200,1,"No_Rep_ 100",3,0.015
200,1,"No_Rep_ 100",10,0.05
200,1,"No_Rep_ 100",4,0.02
200,1,"No_Rep_ 100",20,0.1
200,1,"No_Rep_ 100",3,0.015
200,1,"No_Rep_ 100",16,0.08
200,1,"No_Rep_ 100",4,0.02
200,1,"No_Rep_ 100",8,0.04
200,1,"No_Rep_ 100",13,0.065
200,1,"No_Rep_ 100",15,0.075
200,1,"No_Rep_ 100",21,0.105
200,1,"No_Rep_ 100",2,0.01
200,1,"No_Rep_ 100",1,0.005
200,1,"No_Rep_ 100",7,0.035
200,1,"No_Rep_ 100",16,0.08
200,1,"No_Rep_ 100",6,0.03
200,1,"No_Rep_ 100",17,0.085
200,1,"No_Rep_ 100",11,0.055
200,1,"No_Rep_ 100",4,0.02
200,1,"No_Rep_ 100",1,0.005
200,1,"No_Rep_ 100",3,0.015
200,1,"No_Rep_ 100",17,0.085
200,1,"No_Rep_ 100",13,0.065
200,1,"No_Rep_ 100",8,0.04
200,1,"No_Rep_ 100",4,0.02
200,1,"No_Rep_ 100",13,0.065
200,1,"No_Rep_ 100",4,0.02
200,1,"No_Rep_ 100",29,0.145
200,1,"No_Rep_ 100",7,0.035
200,1,"No_Rep_ 100",35,0.175
200,1,"No_Rep_ 100",14,0.07
200,1,"No_Rep_ 100",16,0.08
200,1,"No_Rep_ 100",10,0.05
200,1,"No_Rep_ 100",21,0.105
200,1,"No_Rep_ 100",0,0
200,1,"No_Rep_ 100",13,0.065
200,2,"No_Rep_ 100",2,0.01
200,2,"No_Rep_ 100",4,0.02
200,2,"No_Rep_ 100",2,0.01
200,2,"No_Rep_ 100",6,0.03
200,2,"No_Rep_ 100",0,0
200,2,"No_Rep_ 100",0,0
200,2,"No_Rep_ 100",3,0.015
200,2,"No_Rep_ 100",2,0.01
200,2,"No_Rep_ 100",0,0
200,2,"No_Rep_ 100",0,0
200,2,"No_Rep_ 100",1,0.005
200,2,"No_Rep_ 100",0,0
200,2,"No_Rep_ 100",1,0.005
200,2,"No_Rep_ 100",0,0
200,2,"No_Rep_ 100",1,0.005
200,2,"No_Rep_ 100",0,0
200,2,"No_Rep_ 100",0,0
200,2,"No_Rep_ 100",1,0.005
200,2,"No_Rep_ 100",1,0.005
200,2,"No_Rep_ 100",2,0.01
200,2,"No_Rep_ 100",0,0
200,2,"No_Rep_ 100",0,0
200,2,"No_Rep_ 100",2,0.01
200,2,"No_Rep_ 100",1,0.005
200,2,"No_Rep_ 100",1,0.005
200,2,"No_Rep_ 100",1,0.005
200,2,"No_Rep_ 100",4,0.02
200,2,"No_Rep_ 100",0,0
200,2,"No_Rep_ 100",4,0.02
200,2,"No_Rep_ 100",1,0.005
200,2,"No_Rep_ 100",8,0.04
200,2,"No_Rep_ 100",1,0.005
200,2,"No_Rep_ 100",1,0.005
200,2,"No_Rep_ 100",0,0
200,2,"No_Rep_ 100",1,0.005
200,2,"No_Rep_ 100",0,0
200,2,"No_Rep_ 100",0,0
200,2,"No_Rep_ 100",1,0.005
200,2,"No_Rep_ 100",1,0.005
200,2,"No_Rep_ 100",0,0
200,2,"No_Rep_ 100",2,0.01
200,2,"No_Rep_ 100",4,0.02
200,2,"No_Rep_ 100",1,0.005
200,2,"No_Rep_ 100",0,0
200,2,"No_Rep_ 100",0,0
200,2,"No_Rep_ 100",1,0.005
200,2,"No_Rep_ 100",4,0.02
200,2,"No_Rep_ 100",2,0.01
200,2,"No_Rep_ 100",4,0.02
200,2,"No_Rep_ 100",1,0.005
200,2,"No_Rep_ 100",0,0
200,2,"No_Rep_ 100",1,0.005
200,2,"No_Rep_ 100",1,0.005
200,2,"No_Rep_ 100",0,0
200,2,"No_Rep_ 100",1,0.005
200,2,"No_Rep_ 100",1,0.005
200,2,"No_Rep_ 100",0,0
200,2,"No_Rep_ 100",0,0
200,2,"No_Rep_ 100",0,0
200,2,"No_Rep_ 100",2,0.01
200,2,"No_Rep_ 100",0,0
200,2,"No_Rep_ 100",1,0.005
200,2,"No_Rep_ 100",0,0
200,2,"No_Rep_ 100",2,0.01
200,2,"No_Rep_ 100",0,0
200,2,"No_Rep_ 100",0,0
200,2,"No_Rep_ 100",0,0
200,2,"No_Rep_ 100",1,0.005
200,2,"No_Rep_ 100",0,0
200,2,"No_Rep_ 100",1,0.005
200,2,"No_Rep_ 100",0,0
200,2,"No_Rep_ 100",9,0.045
200,2,"No_Rep_ 100",2,0.01
200,2,"No_Rep_ 100",0,0
200,2,"No_Rep_ 100",1,0.005
200,2,"No_Rep_ 100",0,0
200,2,"No_Rep_ 100",0,0
200,2,"No_Rep_ 100",1,0.005
200,2,"No_Rep_ 100",1,0.005
200,2,"No_Rep_ 100",0,0
200,2,"No_Rep_ 100",2,0.01
200,2,"No_Rep_ 100",3,0.015
200,2,"No_Rep_ 100",0,0
200,2,"No_Rep_ 100",2,0.01
200,2,"No_Rep_ 100",2,0.01
200,2,"No_Rep_ 100",0,0
200,2,"No_Rep_ 100",5,0.025
200,2,"No_Rep_ 100",1,0.005
200,2,"No_Rep_ 100",1,0.005
200,2,"No_Rep_ 100",0,0
200,2,"No_Rep_ 100",1,0.005
200,2,"No_Rep_ 100",2,0.01
200,2,"No_Rep_ 100",5,0.025
200,2,"No_Rep_ 100",0,0
200,2,"No_Rep_ 100",1,0.005
200,2,"No_Rep_ 100",4,0.02
200,2,"No_Rep_ 100",0,0
200,2,"No_Rep_ 100",1,0.005
200,2,"No_Rep_ 100",0,0
200,2,"No_Rep_ 100",6,0.03
200,3,"No_Rep_ 100",1,0.005
200,3,"No_Rep_ 100",0,0
200,3,"No_Rep_ 100",0,0
200,3,"No_Rep_ 100",0,0
200,3,"No_Rep_ 100",0,0
200,3,"No_Rep_ 100",1,0.005
200,3,"No_Rep_ 100",0,0
200,3,"No_Rep_ 100",2,0.01
200,3,"No_Rep_ 100",0,0
200,3,"No_Rep_ 100",2,0.01
200,3,"No_Rep_ 100",0,0
200,3,"No_Rep_ 100",0,0
200,3,"No_Rep_ 100",0,0
200,3,"No_Rep_ 100",1,0.005
200,3,"No_Rep_ 100",1,0.005
200,3,"No_Rep_ 100",0,0
200,3,"No_Rep_ 100",0,0
200,3,"No_Rep_ 100",0,0
200,3,"No_Rep_ 100",0,0
200,3,"No_Rep_ 100",0,0
200,3,"No_Rep_ 100",0,0
200,3,"No_Rep_ 100",0,0
200,3,"No_Rep_ 100",0,0
200,3,"No_Rep_ 100",0,0
200,3,"No_Rep_ 100",0,0
200,3,"No_Rep_ 100",2,0.01
200,3,"No_Rep_ 100",0,0
200,3,"No_Rep_ 100",0,0
200,3,"No_Rep_ 100",0,0
200,3,"No_Rep_ 100",0,0
200,3,"No_Rep_ 100",0,0
200,3,"No_Rep_ 100",0,0
200,3,"No_Rep_ 100",0,0
200,3,"No_Rep_ 100",1,0.005
200,3,"No_Rep_ 100",0,0
200,3,"No_Rep_ 100",0,0
200,3,"No_Rep_ 100",0,0
200,3,"No_Rep_ 100",0,0
200,3,"No_Rep_ 100",3,0.015
200,3,"No_Rep_ 100",0,0
200,3,"No_Rep_ 100",0,0
200,3,"No_Rep_ 100",0,0
200,3,"No_Rep_ 100",0,0
200,3,"No_Rep_ 100",0,0
200,3,"No_Rep_ 100",0,0
200,3,"No_Rep_ 100",0,0
200,3,"No_Rep_ 100",0,0
200,3,"No_Rep_ 100",0,0
200,3,"No_Rep_ 100",0,0
200,3,"No_Rep_ 100",1,0.005
200,3,"No_Rep_ 100",1,0.005
200,3,"No_Rep_ 100",0,0
200,3,"No_Rep_ 100",0,0
200,3,"No_Rep_ 100",0,0
200,3,"No_Rep_ 100",1,0.005
200,3,"No_Rep_ 100",0,0
200,3,"No_Rep_ 100",0,0
200,3,"No_Rep_ 100",0,0
200,3,"No_Rep_ 100",0,0
200,3,"No_Rep_ 100",0,0
200,3,"No_Rep_ 100",0,0
200,3,"No_Rep_ 100",0,0
200,3,"No_Rep_ 100",0,0
200,3,"No_Rep_ 100",1,0.005
200,3,"No_Rep_ 100",0,0
200,3,"No_Rep_ 100",0,0
200,3,"No_Rep_ 100",0,0
200,3,"No_Rep_ 100",0,0
200,3,"No_Rep_ 100",1,0.005
200,3,"No_Rep_ 100",0,0
200,3,"No_Rep_ 100",0,0
200,3,"No_Rep_ 100",0,0
200,3,"No_Rep_ 100",0,0
200,3,"No_Rep_ 100",1,0.005
200,3,"No_Rep_ 100",0,0
200,3,"No_Rep_ 100",0,0
200,3,"No_Rep_ 100",0,0
200,3,"No_Rep_ 100",0,0
200,3,"No_Rep_ 100",0,0
200,3,"No_Rep_ 100",0,0
200,3,"No_Rep_ 100",0,0
200,3,"No_Rep_ 100",0,0
200,3,"No_Rep_ 100",0,0
200,3,"No_Rep_ 100",0,0
200,3,"No_Rep_ 100",1,0.005
200,3,"No_Rep_ 100",2,0.01
200,3,"No_Rep_ 100",1,0.005
200,3,"No_Rep_ 100",0,0
200,3,"No_Rep_ 100",0,0
200,3,"No_Rep_ 100",2,0.01
200,3,"No_Rep_ 100",0,0
200,3,"No_Rep_ 100",0,0
200,3,"No_Rep_ 100",0,0
200,3,"No_Rep_ 100",0,0
200,3,"No_Rep_ 100",0,0
200,3,"No_Rep_ 100",0,0
200,3,"No_Rep_ 100",0,0
200,3,"No_Rep_ 100",1,0.005
200,3,"No_Rep_ 100",0,0
200,3,"No_Rep_ 100",0,0
200,4,"No_Rep_ 100",0,0
200,4,"No_Rep_ 100",0,0
200,4,"No_Rep_ 100",0,0
200,4,"No_Rep_ 100",0,0
200,4,"No_Rep_ 100",0,0
200,4,"No_Rep_ 100",0,0
200,4,"No_Rep_ 100",1,0.005
200,4,"No_Rep_ 100",0,0
200,4,"No_Rep_ 100",0,0
200,4,"No_Rep_ 100",0,0
200,4,"No_Rep_ 100",0,0
200,4,"No_Rep_ 100",0,0
200,4,"No_Rep_ 100",0,0
200,4,"No_Rep_ 100",0,0
200,4,"No_Rep_ 100",0,0
200,4,"No_Rep_ 100",0,0
200,4,"No_Rep_ 100",0,0
200,4,"No_Rep_ 100",1,0.005
200,4,"No_Rep_ 100",0,0
200,4,"No_Rep_ 100",0,0
200,4,"No_Rep_ 100",0,0
200,4,"No_Rep_ 100",0,0
200,4,"No_Rep_ 100",0,0
200,4,"No_Rep_ 100",0,0
200,4,"No_Rep_ 100",0,0
200,4,"No_Rep_ 100",0,0
200,4,"No_Rep_ 100",0,0
200,4,"No_Rep_ 100",0,0
200,4,"No_Rep_ 100",0,0
200,4,"No_Rep_ 100",0,0
200,4,"No_Rep_ 100",0,0
200,4,"No_Rep_ 100",0,0
200,4,"No_Rep_ 100",0,0
200,4,"No_Rep_ 100",0,0
200,4,"No_Rep_ 100",0,0
200,4,"No_Rep_ 100",0,0
200,4,"No_Rep_ 100",2,0.01
200,4,"No_Rep_ 100",0,0
200,4,"No_Rep_ 100",0,0
200,4,"No_Rep_ 100",0,0
200,4,"No_Rep_ 100",0,0
200,4,"No_Rep_ 100",0,0
200,4,"No_Rep_ 100",0,0
200,4,"No_Rep_ 100",0,0
200,4,"No_Rep_ 100",2,0.01
200,4,"No_Rep_ 100",0,0
200,4,"No_Rep_ 100",0,0
200,4,"No_Rep_ 100",0,0
200,4,"No_Rep_ 100",0,0
200,4,"No_Rep_ 100",0,0
200,4,"No_Rep_ 100",0,0
200,4,"No_Rep_ 100",0,0
200,4,"No_Rep_ 100",0,0
200,4,"No_Rep_ 100",0,0
200,4,"No_Rep_ 100",0,0
200,4,"No_Rep_ 100",2,0.01
200,4,"No_Rep_ 100",0,0
200,4,"No_Rep_ 100",0,0
200,4,"No_Rep_ 100",0,0
200,4,"No_Rep_ 100",2,0.01
200,4,"No_Rep_ 100",1,0.005
200,4,"No_Rep_ 100",0,0
200,4,"No_Rep_ 100",0,0
200,4,"No_Rep_ 100",0,0
200,4,"No_Rep_ 100",0,0
200,4,"No_Rep_ 100",0,0
200,4,"No_Rep_ 100",1,0.005
200,4,"No_Rep_ 100",0,0
200,4,"No_Rep_ 100",0,0
200,4,"No_Rep_ 100",0,0
200,4,"No_Rep_ 100",0,0
200,4,"No_Rep_ 100",0,0
200,4,"No_Rep_ 100",0,0
200,4,"No_Rep_ 100",0,0
200,4,"No_Rep_ 100",0,0
200,4,"No_Rep_ 100",0,0
200,4,"No_Rep_ 100",0,0
200,4,"No_Rep_ 100",1,0.005
200,4,"No_Rep_ 100",0,0
200,4,"No_Rep_ 100",0,0
200,4,"No_Rep_ 100",1,0.005
200,4,"No_Rep_ 100",0,0
200,4,"No_Rep_ 100",0,0
200,4,"No_Rep_ 100",1,0.005
200,4,"No_Rep_ 100",0,0
200,4,"No_Rep_ 100",0,0
200,4,"No_Rep_ 100",0,0
200,4,"No_Rep_ 100",0,0
200,4,"No_Rep_ 100",0,0
200,4,"No_Rep_ 100",0,0
200,4,"No_Rep_ 100",2,0.01
200,4,"No_Rep_ 100",0,0
200,4,"No_Rep_ 100",1,0.005
200,4,"No_Rep_ 100",0,0
200,4,"No_Rep_ 100",0,0
200,4,"No_Rep_ 100",0,0
200,4,"No_Rep_ 100",2,0.01
200,4,"No_Rep_ 100",0,0
200,4,"No_Rep_ 100",0,0
200,4,"No_Rep_ 100",0,0
200,5,"No_Rep_ 100",1,0.005
200,5,"No_Rep_ 100",0,0
200,5,"No_Rep_ 100",0,0
200,5,"No_Rep_ 100",0,0
200,5,"No_Rep_ 100",0,0
200,5,"No_Rep_ 100",0,0
200,5,"No_Rep_ 100",0,0
200,5,"No_Rep_ 100",0,0
200,5,"No_Rep_ 100",0,0
200,5,"No_Rep_ 100",0,0
200,5,"No_Rep_ 100",0,0
200,5,"No_Rep_ 100",0,0
200,5,"No_Rep_ 100",1,0.005
200,5,"No_Rep_ 100",0,0
200,5,"No_Rep_ 100",0,0
200,5,"No_Rep_ 100",0,0
200,5,"No_Rep_ 100",0,0
200,5,"No_Rep_ 100",0,0
200,5,"No_Rep_ 100",1,0.005
200,5,"No_Rep_ 100",0,0
200,5,"No_Rep_ 100",1,0.005
200,5,"No_Rep_ 100",0,0
200,5,"No_Rep_ 100",0,0
200,5,"No_Rep_ 100",1,0.005
200,5,"No_Rep_ 100",0,0
200,5,"No_Rep_ 100",0,0
200,5,"No_Rep_ 100",0,0
200,5,"No_Rep_ 100",0,0
200,5,"No_Rep_ 100",0,0
200,5,"No_Rep_ 100",0,0
200,5,"No_Rep_ 100",0,0
200,5,"No_Rep_ 100",0,0
200,5,"No_Rep_ 100",0,0
200,5,"No_Rep_ 100",0,0
200,5,"No_Rep_ 100",0,0
200,5,"No_Rep_ 100",0,0
200,5,"No_Rep_ 100",0,0
200,5,"No_Rep_ 100",0,0
200,5,"No_Rep_ 100",0,0
200,5,"No_Rep_ 100",0,0
200,5,"No_Rep_ 100",1,0.005
200,5,"No_Rep_ 100",0,0
200,5,"No_Rep_ 100",0,0
200,5,"No_Rep_ 100",0,0
200,5,"No_Rep_ 100",0,0
200,5,"No_Rep_ 100",1,0.005
200,5,"No_Rep_ 100",0,0
200,5,"No_Rep_ 100",1,0.005
200,5,"No_Rep_ 100",0,0
200,5,"No_Rep_ 100",0,0
200,5,"No_Rep_ 100",0,0
200,5,"No_Rep_ 100",1,0.005
200,5,"No_Rep_ 100",0,0
200,5,"No_Rep_ 100",0,0
200,5,"No_Rep_ 100",0,0
200,5,"No_Rep_ 100",0,0
200,5,"No_Rep_ 100",0,0
200,5,"No_Rep_ 100",0,0
200,5,"No_Rep_ 100",0,0
200,5,"No_Rep_ 100",0,0
200,5,"No_Rep_ 100",0,0
200,5,"No_Rep_ 100",0,0
200,5,"No_Rep_ 100",1,0.005
200,5,"No_Rep_ 100",0,0
200,5,"No_Rep_ 100",2,0.01
200,5,"No_Rep_ 100",0,0
200,5,"No_Rep_ 100",0,0
200,5,"No_Rep_ 100",0,0
200,5,"No_Rep_ 100",0,0
200,5,"No_Rep_ 100",0,0
200,5,"No_Rep_ 100",0,0
200,5,"No_Rep_ 100",0,0
200,5,"No_Rep_ 100",0,0
200,5,"No_Rep_ 100",0,0
200,5,"No_Rep_ 100",0,0
200,5,"No_Rep_ 100",1,0.005
200,5,"No_Rep_ 100",1,0.005
200,5,"No_Rep_ 100",0,0
200,5,"No_Rep_ 100",0,0
200,5,"No_Rep_ 100",0,0
200,5,"No_Rep_ 100",0,0
200,5,"No_Rep_ 100",0,0
200,5,"No_Rep_ 100",0,0
200,5,"No_Rep_ 100",1,0.005
200,5,"No_Rep_ 100",0,0
200,5,"No_Rep_ 100",1,0.005
200,5,"No_Rep_ 100",1,0.005
200,5,"No_Rep_ 100",0,0
200,5,"No_Rep_ 100",0,0
200,5,"No_Rep_ 100",0,0
200,5,"No_Rep_ 100",0,0
200,5,"No_Rep_ 100",0,0
200,5,"No_Rep_ 100",0,0
200,5,"No_Rep_ 100",0,0
200,5,"No_Rep_ 100",2,0.01
200,5,"No_Rep_ 100",0,0
200,5,"No_Rep_ 100",0,0
200,5,"No_Rep_ 100",0,0
200,5,"No_Rep_ 100",0,0
200,5,"No_Rep_ 100",0,0
200,6,"No_Rep_ 100",0,0
200,6,"No_Rep_ 100",0,0
200,6,"No_Rep_ 100",0,0
200,6,"No_Rep_ 100",0,0
200,6,"No_Rep_ 100",0,0
200,6,"No_Rep_ 100",0,0
200,6,"No_Rep_ 100",0,0
200,6,"No_Rep_ 100",0,0
200,6,"No_Rep_ 100",1,0.005
200,6,"No_Rep_ 100",0,0
200,6,"No_Rep_ 100",0,0
200,6,"No_Rep_ 100",0,0
200,6,"No_Rep_ 100",1,0.005
200,6,"No_Rep_ 100",2,0.01
200,6,"No_Rep_ 100",0,0
200,6,"No_Rep_ 100",0,0
200,6,"No_Rep_ 100",0,0
200,6,"No_Rep_ 100",0,0
200,6,"No_Rep_ 100",0,0
200,6,"No_Rep_ 100",0,0
200,6,"No_Rep_ 100",0,0
200,6,"No_Rep_ 100",0,0
200,6,"No_Rep_ 100",0,0
200,6,"No_Rep_ 100",0,0
200,6,"No_Rep_ 100",0,0
200,6,"No_Rep_ 100",0,0
200,6,"No_Rep_ 100",0,0
200,6,"No_Rep_ 100",0,0
200,6,"No_Rep_ 100",0,0
200,6,"No_Rep_ 100",0,0
200,6,"No_Rep_ 100",0,0
200,6,"No_Rep_ 100",0,0
200,6,"No_Rep_ 100",0,0
200,6,"No_Rep_ 100",0,0
200,6,"No_Rep_ 100",0,0
200,6,"No_Rep_ 100",0,0
200,6,"No_Rep_ 100",0,0
200,6,"No_Rep_ 100",0,0
200,6,"No_Rep_ 100",0,0
200,6,"No_Rep_ 100",0,0
200,6,"No_Rep_ 100",2,0.01
200,6,"No_Rep_ 100",1,0.005
200,6,"No_Rep_ 100",0,0
200,6,"No_Rep_ 100",0,0
200,6,"No_Rep_ 100",0,0
200,6,"No_Rep_ 100",1,0.005
200,6,"No_Rep_ 100",0,0
200,6,"No_Rep_ 100",0,0
200,6,"No_Rep_ 100",2,0.01
200,6,"No_Rep_ 100",0,0
200,6,"No_Rep_ 100",0,0
200,6,"No_Rep_ 100",0,0
200,6,"No_Rep_ 100",1,0.005
200,6,"No_Rep_ 100",0,0
200,6,"No_Rep_ 100",0,0
200,6,"No_Rep_ 100",0,0
200,6,"No_Rep_ 100",0,0
200,6,"No_Rep_ 100",0,0
200,6,"No_Rep_ 100",1,0.005
200,6,"No_Rep_ 100",0,0
200,6,"No_Rep_ 100",0,0
200,6,"No_Rep_ 100",0,0
200,6,"No_Rep_ 100",0,0
200,6,"No_Rep_ 100",0,0
200,6,"No_Rep_ 100",0,0
200,6,"No_Rep_ 100",0,0
200,6,"No_Rep_ 100",0,0
200,6,"No_Rep_ 100",0,0
200,6,"No_Rep_ 100",0,0
200,6,"No_Rep_ 100",0,0
200,6,"No_Rep_ 100",0,0
200,6,"No_Rep_ 100",0,0
200,6,"No_Rep_ 100",0,0
200,6,"No_Rep_ 100",0,0
200,6,"No_Rep_ 100",0,0
200,6,"No_Rep_ 100",0,0
200,6,"No_Rep_ 100",0,0
200,6,"No_Rep_ 100",0,0
200,6,"No_Rep_ 100",0,0
200,6,"No_Rep_ 100",0,0
200,6,"No_Rep_ 100",0,0
200,6,"No_Rep_ 100",0,0
200,6,"No_Rep_ 100",0,0
200,6,"No_Rep_ 100",0,0
200,6,"No_Rep_ 100",0,0
200,6,"No_Rep_ 100",1,0.005
200,6,"No_Rep_ 100",1,0.005
200,6,"No_Rep_ 100",0,0
200,6,"No_Rep_ 100",0,0
200,6,"No_Rep_ 100",0,0
200,6,"No_Rep_ 100",0,0
200,6,"No_Rep_ 100",0,0
200,6,"No_Rep_ 100",0,0
200,6,"No_Rep_ 100",0,0
200,6,"No_Rep_ 100",0,0
200,6,"No_Rep_ 100",0,0
200,6,"No_Rep_ 100",0,0
200,6,"No_Rep_ 100",0,0
200,6,"No_Rep_ 100",0,0
200,6,"No_Rep_ 100",0,0
200,7,"No_Rep_ 100",0,0
200,7,"No_Rep_ 100",0,0
200,7,"No_Rep_ 100",0,0
200,7,"No_Rep_ 100",1,0.005
200,7,"No_Rep_ 100",0,0
200,7,"No_Rep_ 100",0,0
200,7,"No_Rep_ 100",0,0
200,7,"No_Rep_ 100",0,0
200,7,"No_Rep_ 100",0,0
200,7,"No_Rep_ 100",1,0.005
200,7,"No_Rep_ 100",0,0
200,7,"No_Rep_ 100",0,0
200,7,"No_Rep_ 100",0,0
200,7,"No_Rep_ 100",0,0
200,7,"No_Rep_ 100",0,0
200,7,"No_Rep_ 100",0,0
200,7,"No_Rep_ 100",0,0
200,7,"No_Rep_ 100",0,0
200,7,"No_Rep_ 100",0,0
200,7,"No_Rep_ 100",0,0
200,7,"No_Rep_ 100",0,0
200,7,"No_Rep_ 100",1,0.005
200,7,"No_Rep_ 100",0,0
200,7,"No_Rep_ 100",0,0
200,7,"No_Rep_ 100",1,0.005
200,7,"No_Rep_ 100",0,0
200,7,"No_Rep_ 100",0,0
200,7,"No_Rep_ 100",1,0.005
200,7,"No_Rep_ 100",0,0
200,7,"No_Rep_ 100",0,0
200,7,"No_Rep_ 100",0,0
200,7,"No_Rep_ 100",0,0
200,7,"No_Rep_ 100",0,0
200,7,"No_Rep_ 100",0,0
200,7,"No_Rep_ 100",0,0
200,7,"No_Rep_ 100",0,0
200,7,"No_Rep_ 100",0,0
200,7,"No_Rep_ 100",0,0
200,7,"No_Rep_ 100",0,0
200,7,"No_Rep_ 100",0,0
200,7,"No_Rep_ 100",0,0
200,7,"No_Rep_ 100",0,0
200,7,"No_Rep_ 100",0,0
200,7,"No_Rep_ 100",0,0
200,7,"No_Rep_ 100",0,0
200,7,"No_Rep_ 100",0,0
200,7,"No_Rep_ 100",0,0
200,7,"No_Rep_ 100",0,0
200,7,"No_Rep_ 100",0,0
200,7,"No_Rep_ 100",1,0.005
200,7,"No_Rep_ 100",0,0
200,7,"No_Rep_ 100",0,0
200,7,"No_Rep_ 100",0,0
200,7,"No_Rep_ 100",1,0.005
200,7,"No_Rep_ 100",0,0
200,7,"No_Rep_ 100",1,0.005
200,7,"No_Rep_ 100",0,0
200,7,"No_Rep_ 100",0,0
200,7,"No_Rep_ 100",0,0
200,7,"No_Rep_ 100",0,0
200,7,"No_Rep_ 100",0,0
200,7,"No_Rep_ 100",0,0
200,7,"No_Rep_ 100",0,0
200,7,"No_Rep_ 100",0,0
200,7,"No_Rep_ 100",0,0
200,7,"No_Rep_ 100",0,0
200,7,"No_Rep_ 100",0,0
200,7,"No_Rep_ 100",0,0
200,7,"No_Rep_ 100",0,0
200,7,"No_Rep_ 100",0,0
200,7,"No_Rep_ 100",0,0
200,7,"No_Rep_ 100",0,0
200,7,"No_Rep_ 100",0,0
200,7,"No_Rep_ 100",1,0.005
200,7,"No_Rep_ 100",0,0
200,7,"No_Rep_ 100",0,0
200,7,"No_Rep_ 100",0,0
200,7,"No_Rep_ 100",0,0
200,7,"No_Rep_ 100",0,0
200,7,"No_Rep_ 100",1,0.005
200,7,"No_Rep_ 100",0,0
200,7,"No_Rep_ 100",0,0
200,7,"No_Rep_ 100",0,0
200,7,"No_Rep_ 100",0,0
200,7,"No_Rep_ 100",0,0
200,7,"No_Rep_ 100",0,0
200,7,"No_Rep_ 100",1,0.005
200,7,"No_Rep_ 100",0,0
200,7,"No_Rep_ 100",0,0
200,7,"No_Rep_ 100",0,0
200,7,"No_Rep_ 100",0,0
200,7,"No_Rep_ 100",0,0
200,7,"No_Rep_ 100",0,0
200,7,"No_Rep_ 100",0,0
200,7,"No_Rep_ 100",1,0.005
200,7,"No_Rep_ 100",0,0
200,7,"No_Rep_ 100",0,0
200,7,"No_Rep_ 100",0,0
200,7,"No_Rep_ 100",1,0.005
200,7,"No_Rep_ 100",0,0
200,8,"No_Rep_ 100",0,0
200,8,"No_Rep_ 100",0,0
200,8,"No_Rep_ 100",0,0
200,8,"No_Rep_ 100",0,0
200,8,"No_Rep_ 100",0,0
200,8,"No_Rep_ 100",0,0
200,8,"No_Rep_ 100",0,0
200,8,"No_Rep_ 100",0,0
200,8,"No_Rep_ 100",0,0
200,8,"No_Rep_ 100",0,0
200,8,"No_Rep_ 100",1,0.005
200,8,"No_Rep_ 100",0,0
200,8,"No_Rep_ 100",0,0
200,8,"No_Rep_ 100",0,0
200,8,"No_Rep_ 100",0,0
200,8,"No_Rep_ 100",2,0.01
200,8,"No_Rep_ 100",0,0
200,8,"No_Rep_ 100",0,0
200,8,"No_Rep_ 100",0,0
200,8,"No_Rep_ 100",0,0
200,8,"No_Rep_ 100",0,0
200,8,"No_Rep_ 100",0,0
200,8,"No_Rep_ 100",0,0
200,8,"No_Rep_ 100",0,0
200,8,"No_Rep_ 100",0,0
200,8,"No_Rep_ 100",0,0
200,8,"No_Rep_ 100",0,0
200,8,"No_Rep_ 100",0,0
200,8,"No_Rep_ 100",0,0
200,8,"No_Rep_ 100",0,0
200,8,"No_Rep_ 100",0,0
200,8,"No_Rep_ 100",0,0
200,8,"No_Rep_ 100",0,0
200,8,"No_Rep_ 100",0,0
200,8,"No_Rep_ 100",0,0
200,8,"No_Rep_ 100",0,0
200,8,"No_Rep_ 100",0,0
200,8,"No_Rep_ 100",0,0
200,8,"No_Rep_ 100",0,0
200,8,"No_Rep_ 100",0,0
200,8,"No_Rep_ 100",1,0.005
200,8,"No_Rep_ 100",0,0
200,8,"No_Rep_ 100",0,0
200,8,"No_Rep_ 100",1,0.005
200,8,"No_Rep_ 100",0,0
200,8,"No_Rep_ 100",0,0
200,8,"No_Rep_ 100",0,0
200,8,"No_Rep_ 100",0,0
200,8,"No_Rep_ 100",0,0
200,8,"No_Rep_ 100",0,0
200,8,"No_Rep_ 100",1,0.005
200,8,"No_Rep_ 100",0,0
200,8,"No_Rep_ 100",0,0
200,8,"No_Rep_ 100",0,0
200,8,"No_Rep_ 100",0,0
200,8,"No_Rep_ 100",0,0
200,8,"No_Rep_ 100",1,0.005
200,8,"No_Rep_ 100",0,0
200,8,"No_Rep_ 100",0,0
200,8,"No_Rep_ 100",0,0
200,8,"No_Rep_ 100",0,0
200,8,"No_Rep_ 100",0,0
200,8,"No_Rep_ 100",0,0
200,8,"No_Rep_ 100",0,0
200,8,"No_Rep_ 100",0,0
200,8,"No_Rep_ 100",0,0
200,8,"No_Rep_ 100",0,0
200,8,"No_Rep_ 100",0,0
200,8,"No_Rep_ 100",0,0
200,8,"No_Rep_ 100",0,0
200,8,"No_Rep_ 100",0,0
200,8,"No_Rep_ 100",0,0
200,8,"No_Rep_ 100",0,0
200,8,"No_Rep_ 100",0,0
200,8,"No_Rep_ 100",0,0
200,8,"No_Rep_ 100",0,0
200,8,"No_Rep_ 100",0,0
200,8,"No_Rep_ 100",0,0
200,8,"No_Rep_ 100",0,0
200,8,"No_Rep_ 100",0,0
200,8,"No_Rep_ 100",0,0
200,8,"No_Rep_ 100",0,0
200,8,"No_Rep_ 100",0,0
200,8,"No_Rep_ 100",0,0
200,8,"No_Rep_ 100",0,0
200,8,"No_Rep_ 100",0,0
200,8,"No_Rep_ 100",0,0
200,8,"No_Rep_ 100",0,0
200,8,"No_Rep_ 100",0,0
200,8,"No_Rep_ 100",0,0
200,8,"No_Rep_ 100",0,0
200,8,"No_Rep_ 100",0,0
200,8,"No_Rep_ 100",0,0
200,8,"No_Rep_ 100",0,0
200,8,"No_Rep_ 100",0,0
200,8,"No_Rep_ 100",0,0
200,8,"No_Rep_ 100",0,0
200,8,"No_Rep_ 100",0,0
200,8,"No_Rep_ 100",0,0
200,8,"No_Rep_ 100",0,0
